date,year,month,day,portid,portname,country,ISO3,portcalls_container,portcalls_cargo,portcalls,import_container,export_container
2022-01-01,2022,1,1,port1201,Singapore,Singapore,SGP,32,43,103,540605,612382
2022-01-02,2022,1,2,port1201,Singapore,Singapore,SGP,35,48,113,907680,661039
2022-01-03,2022,1,3,port1201,Singapore,Singapore,SGP,34,51,130,468361,624631
2022-01-04,2022,1,4,port1201,Singapore,Singapore,SGP,29,40,117,742170,419436
2022-01-05,2022,1,5,port1201,Singapore,Singapore,SGP,31,45,117,732324,580155
2022-01-06,2022,1,6,port1201,Singapore,Singapore,SGP,32,48,108,614747,761078
2022-01-07,2022,1,7,port1201,Singapore,Singapore,SGP,31,42,102,765973,565899
2022-01-08,2022,1,8,port1201,Singapore,Singapore,SGP,32,45,113,641114,675076
2022-01-09,2022,1,9,port1201,Singapore,Singapore,SGP,36,50,107,732113,756273
2022-01-10,2022,1,10,port1201,Singapore,Singapore,SGP,32,51,139,1142359,643758
2022-01-11,2022,1,11,port1201,Singapore,Singapore,SGP,37,50,114,447006,776672
2022-01-12,2022,1,12,port1201,Singapore,Singapore,SGP,35,45,119,229611,891181
2022-01-13,2022,1,13,port1201,Singapore,Singapore,SGP,33,46,120,864673,568964
2022-01-14,2022,1,14,port1201,Singapore,Singapore,SGP,37,54,120,1042898,550033
2022-01-15,2022,1,15,port1201,Singapore,Singapore,SGP,31,44,103,423004,656235
2022-01-16,2022,1,16,port1201,Singapore,Singapore,SGP,28,42,111,355934,590000
2022-01-17,2022,1,17,port1201,Singapore,Singapore,SGP,32,50,123,453513,533894
2022-01-18,2022,1,18,port1201,Singapore,Singapore,SGP,33,46,123,570986,440889
2022-01-19,2022,1,19,port1201,Singapore,Singapore,SGP,30,42,101,368174,514589
2022-01-20,2022,1,20,port1201,Singapore,Singapore,SGP,36,49,118,578902,713124
2022-01-21,2022,1,21,port1201,Singapore,Singapore,SGP,35,49,113,478037,789037
2022-01-22,2022,1,22,port1201,Singapore,Singapore,SGP,43,53,122,1251267,505187
2022-01-23,2022,1,23,port1201,Singapore,Singapore,SGP,27,33,90,731233,465520
2022-01-24,2022,1,24,port1201,Singapore,Singapore,SGP,30,51,143,347090,431941
2022-01-25,2022,1,25,port1201,Singapore,Singapore,SGP,40,55,121,572748,750730
2022-01-26,2022,1,26,port1201,Singapore,Singapore,SGP,30,44,113,199596,602051
2022-01-27,2022,1,27,port1201,Singapore,Singapore,SGP,33,42,113,377126,484323
2022-01-28,2022,1,28,port1201,Singapore,Singapore,SGP,30,43,115,802636,667847
2022-01-29,2022,1,29,port1201,Singapore,Singapore,SGP,30,44,117,295824,661910
2022-01-30,2022,1,30,port1201,Singapore,Singapore,SGP,34,51,138,659219,714081
2022-01-31,2022,1,31,port1201,Singapore,Singapore,SGP,40,54,132,617860,844535
2022-02-01,2022,2,1,port1201,Singapore,Singapore,SGP,36,48,108,474106,624264
2022-02-02,2022,2,2,port1201,Singapore,Singapore,SGP,37,57,131,915498,511481
2022-02-03,2022,2,3,port1201,Singapore,Singapore,SGP,32,49,125,392116,383205
2022-02-04,2022,2,4,port1201,Singapore,Singapore,SGP,36,44,104,414694,509968
2022-02-05,2022,2,5,port1201,Singapore,Singapore,SGP,33,50,110,533589,604483
2022-02-06,2022,2,6,port1201,Singapore,Singapore,SGP,35,42,125,860482,386461
2022-02-07,2022,2,7,port1201,Singapore,Singapore,SGP,28,46,121,546223,457424
2022-02-08,2022,2,8,port1201,Singapore,Singapore,SGP,35,44,109,538843,759156
2022-02-09,2022,2,9,port1201,Singapore,Singapore,SGP,38,51,129,218081,810969
2022-02-10,2022,2,10,port1201,Singapore,Singapore,SGP,31,44,107,567398,651482
2022-02-11,2022,2,11,port1201,Singapore,Singapore,SGP,34,44,106,333926,454204
2022-02-12,2022,2,12,port1201,Singapore,Singapore,SGP,31,45,117,400021,321726
2022-02-13,2022,2,13,port1201,Singapore,Singapore,SGP,32,44,108,379569,638326
2022-02-14,2022,2,14,port1201,Singapore,Singapore,SGP,40,62,139,649356,483012
2022-02-15,2022,2,15,port1201,Singapore,Singapore,SGP,34,51,114,923315,607340
2022-02-16,2022,2,16,port1201,Singapore,Singapore,SGP,30,43,103,291789,678872
2022-02-17,2022,2,17,port1201,Singapore,Singapore,SGP,41,54,129,962577,471591
2022-02-18,2022,2,18,port1201,Singapore,Singapore,SGP,30,50,103,291534,758462
2022-02-19,2022,2,19,port1201,Singapore,Singapore,SGP,34,51,114,609111,809712
2022-02-20,2022,2,20,port1201,Singapore,Singapore,SGP,32,42,117,376880,707785
2022-02-21,2022,2,21,port1201,Singapore,Singapore,SGP,43,60,152,619002,914098
2022-02-22,2022,2,22,port1201,Singapore,Singapore,SGP,30,42,104,481379,321992
2022-02-23,2022,2,23,port1201,Singapore,Singapore,SGP,40,50,122,1135774,546593
2022-02-24,2022,2,24,port1201,Singapore,Singapore,SGP,36,47,110,520704,545592
2022-02-25,2022,2,25,port1201,Singapore,Singapore,SGP,30,42,101,644253,501947
2022-02-26,2022,2,26,port1201,Singapore,Singapore,SGP,33,47,121,591018,572114
2022-02-27,2022,2,27,port1201,Singapore,Singapore,SGP,32,41,116,318769,861109
2022-02-28,2022,2,28,port1201,Singapore,Singapore,SGP,33,45,128,804006,652940
2022-03-01,2022,3,1,port1201,Singapore,Singapore,SGP,40,55,121,926591,584355
2022-03-02,2022,3,2,port1201,Singapore,Singapore,SGP,36,55,126,604249,602508
2022-03-03,2022,3,3,port1201,Singapore,Singapore,SGP,33,49,122,276145,388850
2022-03-04,2022,3,4,port1201,Singapore,Singapore,SGP,30,46,111,490957,789648
2022-03-05,2022,3,5,port1201,Singapore,Singapore,SGP,34,43,105,400739,794753
2022-03-06,2022,3,6,port1201,Singapore,Singapore,SGP,31,41,111,444842,690356
2022-03-07,2022,3,7,port1201,Singapore,Singapore,SGP,32,47,125,712129,708453
2022-03-08,2022,3,8,port1201,Singapore,Singapore,SGP,30,36,109,437851,357659
2022-03-09,2022,3,9,port1201,Singapore,Singapore,SGP,41,56,138,623022,825377
2022-03-10,2022,3,10,port1201,Singapore,Singapore,SGP,35,47,116,498378,686161
2022-03-11,2022,3,11,port1201,Singapore,Singapore,SGP,34,48,104,546609,598581
2022-03-12,2022,3,12,port1201,Singapore,Singapore,SGP,37,52,131,948581,828473
2022-03-13,2022,3,13,port1201,Singapore,Singapore,SGP,30,43,97,267271,716953
2022-03-14,2022,3,14,port1201,Singapore,Singapore,SGP,37,54,137,532171,603038
2022-03-15,2022,3,15,port1201,Singapore,Singapore,SGP,36,50,123,652326,833445
2022-03-16,2022,3,16,port1201,Singapore,Singapore,SGP,35,51,120,830190,691017
2022-03-17,2022,3,17,port1201,Singapore,Singapore,SGP,32,40,106,617524,683807
2022-03-18,2022,3,18,port1201,Singapore,Singapore,SGP,31,45,110,269933,730287
2022-03-19,2022,3,19,port1201,Singapore,Singapore,SGP,34,49,119,347375,682298
2022-03-20,2022,3,20,port1201,Singapore,Singapore,SGP,34,45,118,339686,574161
2022-03-21,2022,3,21,port1201,Singapore,Singapore,SGP,26,41,110,699620,411071
2022-03-22,2022,3,22,port1201,Singapore,Singapore,SGP,34,42,108,896368,462141
2022-03-23,2022,3,23,port1201,Singapore,Singapore,SGP,31,48,117,641966,386968
2022-03-24,2022,3,24,port1201,Singapore,Singapore,SGP,29,41,96,777529,343915
2022-03-25,2022,3,25,port1201,Singapore,Singapore,SGP,34,47,122,698790,909132
2022-03-26,2022,3,26,port1201,Singapore,Singapore,SGP,39,49,111,366323,779232
2022-03-27,2022,3,27,port1201,Singapore,Singapore,SGP,34,46,106,474366,625091
2022-03-28,2022,3,28,port1201,Singapore,Singapore,SGP,34,52,127,1449404,683396
2022-03-29,2022,3,29,port1201,Singapore,Singapore,SGP,25,40,112,562327,549900
2022-03-30,2022,3,30,port1201,Singapore,Singapore,SGP,35,41,100,701985,457074
2022-03-31,2022,3,31,port1201,Singapore,Singapore,SGP,39,53,116,746961,538842
2022-04-01,2022,4,1,port1201,Singapore,Singapore,SGP,35,49,119,401826,887823
2022-04-02,2022,4,2,port1201,Singapore,Singapore,SGP,35,48,126,440598,603537
2022-04-03,2022,4,3,port1201,Singapore,Singapore,SGP,33,41,95,419598,503540
2022-04-04,2022,4,4,port1201,Singapore,Singapore,SGP,34,51,138,645722,659111
2022-04-05,2022,4,5,port1201,Singapore,Singapore,SGP,34,52,131,632324,493945
2022-04-06,2022,4,6,port1201,Singapore,Singapore,SGP,32,45,107,763344,500334
2022-04-07,2022,4,7,port1201,Singapore,Singapore,SGP,27,43,112,338052,587345
2022-04-08,2022,4,8,port1201,Singapore,Singapore,SGP,40,51,125,897924,487572
2022-04-09,2022,4,9,port1201,Singapore,Singapore,SGP,34,49,118,833534,686721
2022-04-10,2022,4,10,port1201,Singapore,Singapore,SGP,41,51,117,487670,674936
2022-04-11,2022,4,11,port1201,Singapore,Singapore,SGP,40,58,152,226324,686116
2022-04-12,2022,4,12,port1201,Singapore,Singapore,SGP,45,57,126,687896,542784
2022-04-13,2022,4,13,port1201,Singapore,Singapore,SGP,33,53,120,556907,491593
2022-04-14,2022,4,14,port1201,Singapore,Singapore,SGP,29,44,120,590515,399527
2022-04-15,2022,4,15,port1201,Singapore,Singapore,SGP,37,48,107,895389,579244
2022-04-16,2022,4,16,port1201,Singapore,Singapore,SGP,40,52,123,489612,796749
2022-04-17,2022,4,17,port1201,Singapore,Singapore,SGP,41,58,111,903742,471045
2022-04-18,2022,4,18,port1201,Singapore,Singapore,SGP,33,47,132,409592,457445
2022-04-19,2022,4,19,port1201,Singapore,Singapore,SGP,30,37,100,237938,634354
2022-04-20,2022,4,20,port1201,Singapore,Singapore,SGP,38,48,121,428494,774519
2022-04-21,2022,4,21,port1201,Singapore,Singapore,SGP,38,49,118,468665,1097852
2022-04-22,2022,4,22,port1201,Singapore,Singapore,SGP,34,45,111,928114,601926
2022-04-23,2022,4,23,port1201,Singapore,Singapore,SGP,30,40,110,486412,567735
2022-04-24,2022,4,24,port1201,Singapore,Singapore,SGP,29,41,88,569515,541774
2022-04-25,2022,4,25,port1201,Singapore,Singapore,SGP,33,52,129,899898,410559
2022-04-26,2022,4,26,port1201,Singapore,Singapore,SGP,37,49,116,247103,565028
2022-04-27,2022,4,27,port1201,Singapore,Singapore,SGP,42,50,119,788790,656359
2022-04-28,2022,4,28,port1201,Singapore,Singapore,SGP,29,38,111,690655,442664
2022-04-29,2022,4,29,port1201,Singapore,Singapore,SGP,34,43,112,909116,666098
2022-04-30,2022,4,30,port1201,Singapore,Singapore,SGP,35,52,118,443711,568999
2022-05-01,2022,5,1,port1201,Singapore,Singapore,SGP,35,48,99,335422,668606
2022-05-02,2022,5,2,port1201,Singapore,Singapore,SGP,35,42,135,780711,790037
2022-05-03,2022,5,3,port1201,Singapore,Singapore,SGP,32,45,105,685651,320679
2022-05-04,2022,5,4,port1201,Singapore,Singapore,SGP,34,44,125,705058,507300
2022-05-05,2022,5,5,port1201,Singapore,Singapore,SGP,41,60,136,464494,648139
2022-05-06,2022,5,6,port1201,Singapore,Singapore,SGP,41,53,118,569747,479127
2022-05-07,2022,5,7,port1201,Singapore,Singapore,SGP,29,45,113,366855,624759
2022-05-08,2022,5,8,port1201,Singapore,Singapore,SGP,38,48,102,992632,629418
2022-05-09,2022,5,9,port1201,Singapore,Singapore,SGP,38,57,133,378661,778597
2022-05-10,2022,5,10,port1201,Singapore,Singapore,SGP,36,47,124,509594,770816
2022-05-11,2022,5,11,port1201,Singapore,Singapore,SGP,36,51,134,1041591,495666
2022-05-12,2022,5,12,port1201,Singapore,Singapore,SGP,38,48,117,359627,852687
2022-05-13,2022,5,13,port1201,Singapore,Singapore,SGP,31,35,102,617195,740730
2022-05-14,2022,5,14,port1201,Singapore,Singapore,SGP,33,50,111,196555,863378
2022-05-15,2022,5,15,port1201,Singapore,Singapore,SGP,31,38,109,575353,377236
2022-05-16,2022,5,16,port1201,Singapore,Singapore,SGP,30,44,124,436526,605476
2022-05-17,2022,5,17,port1201,Singapore,Singapore,SGP,37,51,128,565007,557010
2022-05-18,2022,5,18,port1201,Singapore,Singapore,SGP,39,55,129,599818,981558
2022-05-19,2022,5,19,port1201,Singapore,Singapore,SGP,29,42,128,353324,866763
2022-05-20,2022,5,20,port1201,Singapore,Singapore,SGP,38,51,114,1052605,430515
2022-05-21,2022,5,21,port1201,Singapore,Singapore,SGP,37,49,114,390104,557147
2022-05-22,2022,5,22,port1201,Singapore,Singapore,SGP,36,48,111,918580,564585
2022-05-23,2022,5,23,port1201,Singapore,Singapore,SGP,27,49,126,534108,453993
2022-05-24,2022,5,24,port1201,Singapore,Singapore,SGP,32,47,116,586902,627642
2022-05-25,2022,5,25,port1201,Singapore,Singapore,SGP,31,46,111,636788,431675
2022-05-26,2022,5,26,port1201,Singapore,Singapore,SGP,42,57,119,763044,786823
2022-05-27,2022,5,27,port1201,Singapore,Singapore,SGP,31,46,115,503865,371372
2022-05-28,2022,5,28,port1201,Singapore,Singapore,SGP,46,60,136,566397,667931
2022-05-29,2022,5,29,port1201,Singapore,Singapore,SGP,27,38,96,352896,537205
2022-05-30,2022,5,30,port1201,Singapore,Singapore,SGP,29,47,123,645082,546269
2022-05-31,2022,5,31,port1201,Singapore,Singapore,SGP,36,52,121,941583,539937
2022-06-01,2022,6,1,port1201,Singapore,Singapore,SGP,39,52,122,617744,567438
2022-06-02,2022,6,2,port1201,Singapore,Singapore,SGP,38,47,121,537444,525367
2022-06-03,2022,6,3,port1201,Singapore,Singapore,SGP,45,62,133,822480,607870
2022-06-04,2022,6,4,port1201,Singapore,Singapore,SGP,34,49,104,475385,585679
2022-06-05,2022,6,5,port1201,Singapore,Singapore,SGP,36,45,116,696375,604281
2022-06-06,2022,6,6,port1201,Singapore,Singapore,SGP,36,54,150,645735,458067
2022-06-07,2022,6,7,port1201,Singapore,Singapore,SGP,35,48,130,476421,676142
2022-06-08,2022,6,8,port1201,Singapore,Singapore,SGP,38,47,113,434452,612699
2022-06-09,2022,6,9,port1201,Singapore,Singapore,SGP,35,49,133,1366112,348102
2022-06-10,2022,6,10,port1201,Singapore,Singapore,SGP,38,53,119,605743,538856
2022-06-11,2022,6,11,port1201,Singapore,Singapore,SGP,33,45,110,652114,439937
2022-06-12,2022,6,12,port1201,Singapore,Singapore,SGP,31,39,95,383424,694729
2022-06-13,2022,6,13,port1201,Singapore,Singapore,SGP,34,52,129,368879,571774
2022-06-14,2022,6,14,port1201,Singapore,Singapore,SGP,36,48,117,620062,712165
2022-06-15,2022,6,15,port1201,Singapore,Singapore,SGP,36,50,125,1136587,552201
2022-06-16,2022,6,16,port1201,Singapore,Singapore,SGP,37,48,109,594412,486642
2022-06-17,2022,6,17,port1201,Singapore,Singapore,SGP,37,46,95,459460,939838
2022-06-18,2022,6,18,port1201,Singapore,Singapore,SGP,38,47,108,1051860,793767
2022-06-19,2022,6,19,port1201,Singapore,Singapore,SGP,39,48,121,558207,919337
2022-06-20,2022,6,20,port1201,Singapore,Singapore,SGP,34,50,129,632385,635875
2022-06-21,2022,6,21,port1201,Singapore,Singapore,SGP,40,54,135,386242,847256
2022-06-22,2022,6,22,port1201,Singapore,Singapore,SGP,32,48,114,432882,775984
2022-06-23,2022,6,23,port1201,Singapore,Singapore,SGP,40,50,117,893808,866962
2022-06-24,2022,6,24,port1201,Singapore,Singapore,SGP,44,56,136,724640,701216
2022-06-25,2022,6,25,port1201,Singapore,Singapore,SGP,28,33,96,346377,711500
2022-06-26,2022,6,26,port1201,Singapore,Singapore,SGP,33,49,115,859494,677484
2022-06-27,2022,6,27,port1201,Singapore,Singapore,SGP,35,51,146,742898,502332
2022-06-28,2022,6,28,port1201,Singapore,Singapore,SGP,37,49,111,354784,660856
2022-06-29,2022,6,29,port1201,Singapore,Singapore,SGP,40,54,121,540941,745281
2022-06-30,2022,6,30,port1201,Singapore,Singapore,SGP,37,48,120,912765,647528
2022-07-01,2022,7,1,port1201,Singapore,Singapore,SGP,37,51,119,684028,496639
2022-07-02,2022,7,2,port1201,Singapore,Singapore,SGP,33,44,103,789136,455039
2022-07-03,2022,7,3,port1201,Singapore,Singapore,SGP,32,41,103,807686,545487
2022-07-04,2022,7,4,port1201,Singapore,Singapore,SGP,32,54,127,453416,589615
2022-07-05,2022,7,5,port1201,Singapore,Singapore,SGP,33,44,109,696285,711860
2022-07-06,2022,7,6,port1201,Singapore,Singapore,SGP,34,46,125,499574,551792
2022-07-07,2022,7,7,port1201,Singapore,Singapore,SGP,37,52,120,570308,620440
2022-07-08,2022,7,8,port1201,Singapore,Singapore,SGP,37,50,120,539261,725412
2022-07-09,2022,7,9,port1201,Singapore,Singapore,SGP,26,37,97,431741,518861
2022-07-10,2022,7,10,port1201,Singapore,Singapore,SGP,35,51,114,309434,493194
2022-07-11,2022,7,11,port1201,Singapore,Singapore,SGP,39,56,121,821125,629473
2022-07-12,2022,7,12,port1201,Singapore,Singapore,SGP,37,51,124,611817,896747
2022-07-13,2022,7,13,port1201,Singapore,Singapore,SGP,35,46,113,898860,621002
2022-07-14,2022,7,14,port1201,Singapore,Singapore,SGP,45,57,136,890120,611094
2022-07-15,2022,7,15,port1201,Singapore,Singapore,SGP,36,49,111,435527,1017868
2022-07-16,2022,7,16,port1201,Singapore,Singapore,SGP,32,46,124,520746,364639
2022-07-17,2022,7,17,port1201,Singapore,Singapore,SGP,29,43,124,438857,440496
2022-07-18,2022,7,18,port1201,Singapore,Singapore,SGP,41,55,139,922159,511744
2022-07-19,2022,7,19,port1201,Singapore,Singapore,SGP,40,51,137,453836,773433
2022-07-20,2022,7,20,port1201,Singapore,Singapore,SGP,39,50,116,442175,741971
2022-07-21,2022,7,21,port1201,Singapore,Singapore,SGP,40,52,115,618037,775870
2022-07-22,2022,7,22,port1201,Singapore,Singapore,SGP,38,50,119,1125407,559071
2022-07-23,2022,7,23,port1201,Singapore,Singapore,SGP,33,48,128,575149,918650
2022-07-24,2022,7,24,port1201,Singapore,Singapore,SGP,37,51,123,780029,551975
2022-07-25,2022,7,25,port1201,Singapore,Singapore,SGP,35,48,123,1043270,788318
2022-07-26,2022,7,26,port1201,Singapore,Singapore,SGP,34,46,109,416158,483962
2022-07-27,2022,7,27,port1201,Singapore,Singapore,SGP,34,43,113,496534,442651
2022-07-28,2022,7,28,port1201,Singapore,Singapore,SGP,46,56,142,507009,708751
2022-07-29,2022,7,29,port1201,Singapore,Singapore,SGP,43,59,121,613408,731594
2022-07-30,2022,7,30,port1201,Singapore,Singapore,SGP,37,50,114,529138,703379
2022-07-31,2022,7,31,port1201,Singapore,Singapore,SGP,38,51,119,563219,554523
2022-08-01,2022,8,1,port1201,Singapore,Singapore,SGP,37,53,136,972969,532100
2022-08-02,2022,8,2,port1201,Singapore,Singapore,SGP,39,53,110,696839,408004
2022-08-03,2022,8,3,port1201,Singapore,Singapore,SGP,36,43,106,827643,624144
2022-08-04,2022,8,4,port1201,Singapore,Singapore,SGP,38,54,126,345581,923278
2022-08-05,2022,8,5,port1201,Singapore,Singapore,SGP,35,51,131,611744,775400
2022-08-06,2022,8,6,port1201,Singapore,Singapore,SGP,40,50,119,615675,728500
2022-08-07,2022,8,7,port1201,Singapore,Singapore,SGP,41,58,133,638083,778950
2022-08-08,2022,8,8,port1201,Singapore,Singapore,SGP,31,44,106,743873,498606
2022-08-09,2022,8,9,port1201,Singapore,Singapore,SGP,45,55,123,874557,886191
2022-08-10,2022,8,10,port1201,Singapore,Singapore,SGP,42,62,133,347449,571789
2022-08-11,2022,8,11,port1201,Singapore,Singapore,SGP,29,42,99,610578,293482
2022-08-12,2022,8,12,port1201,Singapore,Singapore,SGP,47,60,134,867914,827439
2022-08-13,2022,8,13,port1201,Singapore,Singapore,SGP,36,46,110,101528,974454
2022-08-14,2022,8,14,port1201,Singapore,Singapore,SGP,31,47,102,841716,399492
2022-08-15,2022,8,15,port1201,Singapore,Singapore,SGP,35,51,142,802077,702059
2022-08-16,2022,8,16,port1201,Singapore,Singapore,SGP,35,47,114,670139,625704
2022-08-17,2022,8,17,port1201,Singapore,Singapore,SGP,35,52,117,554408,749944
2022-08-18,2022,8,18,port1201,Singapore,Singapore,SGP,46,58,129,900015,1424108
2022-08-19,2022,8,19,port1201,Singapore,Singapore,SGP,36,45,110,426132,519380
2022-08-20,2022,8,20,port1201,Singapore,Singapore,SGP,38,45,114,491516,687003
2022-08-21,2022,8,21,port1201,Singapore,Singapore,SGP,32,42,109,884454,512449
2022-08-22,2022,8,22,port1201,Singapore,Singapore,SGP,44,57,116,710205,594996
2022-08-23,2022,8,23,port1201,Singapore,Singapore,SGP,33,44,109,337392,823632
2022-08-24,2022,8,24,port1201,Singapore,Singapore,SGP,42,59,143,660845,452318
2022-08-25,2022,8,25,port1201,Singapore,Singapore,SGP,43,55,132,596995,742130
2022-08-26,2022,8,26,port1201,Singapore,Singapore,SGP,36,46,107,172792,770880
2022-08-27,2022,8,27,port1201,Singapore,Singapore,SGP,36,46,114,770138,486559
2022-08-28,2022,8,28,port1201,Singapore,Singapore,SGP,35,49,110,1080833,421907
2022-08-29,2022,8,29,port1201,Singapore,Singapore,SGP,31,52,131,478995,726538
2022-08-30,2022,8,30,port1201,Singapore,Singapore,SGP,40,54,127,627556,389103
2022-08-31,2022,8,31,port1201,Singapore,Singapore,SGP,45,57,141,368634,804963
2022-09-01,2022,9,1,port1201,Singapore,Singapore,SGP,31,45,126,703701,353457
2022-09-02,2022,9,2,port1201,Singapore,Singapore,SGP,33,45,109,769587,637772
2022-09-03,2022,9,3,port1201,Singapore,Singapore,SGP,42,56,114,982602,547974
2022-09-04,2022,9,4,port1201,Singapore,Singapore,SGP,34,39,111,765852,651200
2022-09-05,2022,9,5,port1201,Singapore,Singapore,SGP,34,48,128,265531,697241
2022-09-06,2022,9,6,port1201,Singapore,Singapore,SGP,41,50,122,930045,616695
2022-09-07,2022,9,7,port1201,Singapore,Singapore,SGP,47,58,113,535731,799405
2022-09-08,2022,9,8,port1201,Singapore,Singapore,SGP,40,58,131,614052,393853
2022-09-09,2022,9,9,port1201,Singapore,Singapore,SGP,45,61,136,607763,832889
2022-09-10,2022,9,10,port1201,Singapore,Singapore,SGP,35,47,106,439317,567412
2022-09-11,2022,9,11,port1201,Singapore,Singapore,SGP,36,44,115,568079,368952
2022-09-12,2022,9,12,port1201,Singapore,Singapore,SGP,35,53,123,669928,463018
2022-09-13,2022,9,13,port1201,Singapore,Singapore,SGP,37,48,126,613900,587227
2022-09-14,2022,9,14,port1201,Singapore,Singapore,SGP,36,47,117,444048,553661
2022-09-15,2022,9,15,port1201,Singapore,Singapore,SGP,37,47,111,728392,544394
2022-09-16,2022,9,16,port1201,Singapore,Singapore,SGP,32,46,126,450776,748055
2022-09-17,2022,9,17,port1201,Singapore,Singapore,SGP,40,48,101,455184,767635
2022-09-18,2022,9,18,port1201,Singapore,Singapore,SGP,29,35,100,509126,326252
2022-09-19,2022,9,19,port1201,Singapore,Singapore,SGP,33,43,125,469039,538181
2022-09-20,2022,9,20,port1201,Singapore,Singapore,SGP,45,56,124,545271,842498
2022-09-21,2022,9,21,port1201,Singapore,Singapore,SGP,43,52,125,884153,598687
2022-09-22,2022,9,22,port1201,Singapore,Singapore,SGP,35,42,130,447853,630681
2022-09-23,2022,9,23,port1201,Singapore,Singapore,SGP,41,61,129,564789,896379
2022-09-24,2022,9,24,port1201,Singapore,Singapore,SGP,32,46,115,671538,510796
2022-09-25,2022,9,25,port1201,Singapore,Singapore,SGP,33,46,105,348133,549494
2022-09-26,2022,9,26,port1201,Singapore,Singapore,SGP,34,49,140,1033766,417900
2022-09-27,2022,9,27,port1201,Singapore,Singapore,SGP,35,49,97,386166,924156
2022-09-28,2022,9,28,port1201,Singapore,Singapore,SGP,51,60,125,647847,666300
2022-09-29,2022,9,29,port1201,Singapore,Singapore,SGP,32,38,92,322539,396459
2022-09-30,2022,9,30,port1201,Singapore,Singapore,SGP,37,50,122,463985,818605
2022-10-01,2022,10,1,port1201,Singapore,Singapore,SGP,42,56,134,348364,1086260
2022-10-02,2022,10,2,port1201,Singapore,Singapore,SGP,35,41,105,582891,469377
2022-10-03,2022,10,3,port1201,Singapore,Singapore,SGP,45,58,150,789772,801282
2022-10-04,2022,10,4,port1201,Singapore,Singapore,SGP,46,60,138,608967,629507
2022-10-05,2022,10,5,port1201,Singapore,Singapore,SGP,41,50,125,592417,542203
2022-10-06,2022,10,6,port1201,Singapore,Singapore,SGP,39,51,112,283585,666579
2022-10-07,2022,10,7,port1201,Singapore,Singapore,SGP,35,51,103,538548,606139
2022-10-08,2022,10,8,port1201,Singapore,Singapore,SGP,44,55,133,544610,370613
2022-10-09,2022,10,9,port1201,Singapore,Singapore,SGP,36,46,118,449584,658043
2022-10-10,2022,10,10,port1201,Singapore,Singapore,SGP,34,48,135,860564,353118
2022-10-11,2022,10,11,port1201,Singapore,Singapore,SGP,43,51,137,857286,781734
2022-10-12,2022,10,12,port1201,Singapore,Singapore,SGP,42,51,111,448582,679187
2022-10-13,2022,10,13,port1201,Singapore,Singapore,SGP,37,50,126,395298,861273
2022-10-14,2022,10,14,port1201,Singapore,Singapore,SGP,35,45,105,746670,508347
2022-10-15,2022,10,15,port1201,Singapore,Singapore,SGP,40,53,129,493716,695803
2022-10-16,2022,10,16,port1201,Singapore,Singapore,SGP,25,33,98,184960,458364
2022-10-17,2022,10,17,port1201,Singapore,Singapore,SGP,41,61,141,376753,779011
2022-10-18,2022,10,18,port1201,Singapore,Singapore,SGP,49,59,128,668430,691049
2022-10-19,2022,10,19,port1201,Singapore,Singapore,SGP,43,52,129,738733,417987
2022-10-20,2022,10,20,port1201,Singapore,Singapore,SGP,36,50,118,338598,677609
2022-10-21,2022,10,21,port1201,Singapore,Singapore,SGP,36,43,105,779089,617507
2022-10-22,2022,10,22,port1201,Singapore,Singapore,SGP,23,33,90,458531,327977
2022-10-23,2022,10,23,port1201,Singapore,Singapore,SGP,40,52,98,874085,526521
2022-10-24,2022,10,24,port1201,Singapore,Singapore,SGP,39,57,139,906525,544288
2022-10-25,2022,10,25,port1201,Singapore,Singapore,SGP,39,54,133,472817,482862
2022-10-26,2022,10,26,port1201,Singapore,Singapore,SGP,40,55,120,811261,543794
2022-10-27,2022,10,27,port1201,Singapore,Singapore,SGP,37,47,107,499819,691097
2022-10-28,2022,10,28,port1201,Singapore,Singapore,SGP,41,50,113,433943,577013
2022-10-29,2022,10,29,port1201,Singapore,Singapore,SGP,42,56,111,801607,544079
2022-10-30,2022,10,30,port1201,Singapore,Singapore,SGP,35,45,112,317993,613271
2022-10-31,2022,10,31,port1201,Singapore,Singapore,SGP,36,52,131,644797,527765
2022-11-01,2022,11,1,port1201,Singapore,Singapore,SGP,44,55,112,358015,581308
2022-11-02,2022,11,2,port1201,Singapore,Singapore,SGP,43,54,133,677287,416201
2022-11-03,2022,11,3,port1201,Singapore,Singapore,SGP,39,51,121,961214,497932
2022-11-04,2022,11,4,port1201,Singapore,Singapore,SGP,34,41,124,342932,422043
2022-11-05,2022,11,5,port1201,Singapore,Singapore,SGP,38,54,117,580627,491222
2022-11-06,2022,11,6,port1201,Singapore,Singapore,SGP,29,40,125,389618,389259
2022-11-07,2022,11,7,port1201,Singapore,Singapore,SGP,35,52,131,486595,788844
2022-11-08,2022,11,8,port1201,Singapore,Singapore,SGP,43,53,114,637279,479345
2022-11-09,2022,11,9,port1201,Singapore,Singapore,SGP,44,50,123,463988,719222
2022-11-10,2022,11,10,port1201,Singapore,Singapore,SGP,38,49,112,757268,591719
2022-11-11,2022,11,11,port1201,Singapore,Singapore,SGP,38,53,124,286128,689598
2022-11-12,2022,11,12,port1201,Singapore,Singapore,SGP,36,45,116,703370,606050
2022-11-13,2022,11,13,port1201,Singapore,Singapore,SGP,41,56,130,553485,642200
2022-11-14,2022,11,14,port1201,Singapore,Singapore,SGP,36,53,155,426022,582672
2022-11-15,2022,11,15,port1201,Singapore,Singapore,SGP,45,55,131,582220,569448
2022-11-16,2022,11,16,port1201,Singapore,Singapore,SGP,43,50,128,697286,575124
2022-11-17,2022,11,17,port1201,Singapore,Singapore,SGP,35,48,113,531210,578571
2022-11-18,2022,11,18,port1201,Singapore,Singapore,SGP,41,51,114,1160189,470099
2022-11-19,2022,11,19,port1201,Singapore,Singapore,SGP,43,51,113,464027,670159
2022-11-20,2022,11,20,port1201,Singapore,Singapore,SGP,41,53,105,884687,883951
2022-11-21,2022,11,21,port1201,Singapore,Singapore,SGP,39,55,149,331710,536946
2022-11-22,2022,11,22,port1201,Singapore,Singapore,SGP,43,54,117,355021,796943
2022-11-23,2022,11,23,port1201,Singapore,Singapore,SGP,45,52,120,676586,680801
2022-11-24,2022,11,24,port1201,Singapore,Singapore,SGP,42,58,134,501154,680411
2022-11-25,2022,11,25,port1201,Singapore,Singapore,SGP,41,52,131,783424,769551
2022-11-26,2022,11,26,port1201,Singapore,Singapore,SGP,34,51,132,272604,641364
2022-11-27,2022,11,27,port1201,Singapore,Singapore,SGP,34,44,122,433303,625779
2022-11-28,2022,11,28,port1201,Singapore,Singapore,SGP,38,56,138,566022,803334
2022-11-29,2022,11,29,port1201,Singapore,Singapore,SGP,40,51,117,512363,340476
2022-11-30,2022,11,30,port1201,Singapore,Singapore,SGP,43,53,125,665793,421774
2022-12-01,2022,12,1,port1201,Singapore,Singapore,SGP,39,48,134,662671,621263
2022-12-02,2022,12,2,port1201,Singapore,Singapore,SGP,45,58,122,825117,751551
2022-12-03,2022,12,3,port1201,Singapore,Singapore,SGP,43,47,118,315933,687454
2022-12-04,2022,12,4,port1201,Singapore,Singapore,SGP,29,38,94,326703,569011
2022-12-05,2022,12,5,port1201,Singapore,Singapore,SGP,46,62,147,721096,726690
2022-12-06,2022,12,6,port1201,Singapore,Singapore,SGP,43,57,126,603630,828609
2022-12-07,2022,12,7,port1201,Singapore,Singapore,SGP,42,56,130,667204,607668
2022-12-08,2022,12,8,port1201,Singapore,Singapore,SGP,49,61,120,1175631,713035
2022-12-09,2022,12,9,port1201,Singapore,Singapore,SGP,34,42,116,611887,685876
2022-12-10,2022,12,10,port1201,Singapore,Singapore,SGP,31,42,103,738414,422558
2022-12-11,2022,12,11,port1201,Singapore,Singapore,SGP,31,39,102,385835,849077
2022-12-12,2022,12,12,port1201,Singapore,Singapore,SGP,40,57,142,669916,681021
2022-12-13,2022,12,13,port1201,Singapore,Singapore,SGP,43,55,145,570483,905679
2022-12-14,2022,12,14,port1201,Singapore,Singapore,SGP,45,55,142,693435,637187
2022-12-15,2022,12,15,port1201,Singapore,Singapore,SGP,42,53,126,294834,760376
2022-12-16,2022,12,16,port1201,Singapore,Singapore,SGP,35,50,121,800382,470531
2022-12-17,2022,12,17,port1201,Singapore,Singapore,SGP,39,57,118,392680,710772
2022-12-18,2022,12,18,port1201,Singapore,Singapore,SGP,32,40,106,327771,707772
2022-12-19,2022,12,19,port1201,Singapore,Singapore,SGP,43,55,137,354294,947092
2022-12-20,2022,12,20,port1201,Singapore,Singapore,SGP,45,59,121,1082517,621093
2022-12-21,2022,12,21,port1201,Singapore,Singapore,SGP,38,50,109,664316,532001
2022-12-22,2022,12,22,port1201,Singapore,Singapore,SGP,42,54,125,787922,663772
2022-12-23,2022,12,23,port1201,Singapore,Singapore,SGP,39,53,113,608206,719114
2022-12-24,2022,12,24,port1201,Singapore,Singapore,SGP,28,44,121,415657,337518
2022-12-25,2022,12,25,port1201,Singapore,Singapore,SGP,34,42,110,495716,561838
2022-12-26,2022,12,26,port1201,Singapore,Singapore,SGP,37,56,135,684023,495697
2022-12-27,2022,12,27,port1201,Singapore,Singapore,SGP,34,51,109,664026,327773
2022-12-28,2022,12,28,port1201,Singapore,Singapore,SGP,42,57,133,811189,602570
2022-12-29,2022,12,29,port1201,Singapore,Singapore,SGP,43,53,110,768368,493089
2022-12-30,2022,12,30,port1201,Singapore,Singapore,SGP,44,53,125,745635,944515
2022-12-31,2022,12,31,port1201,Singapore,Singapore,SGP,46,51,120,915790,375298
2023-01-01,2023,1,1,port1201,Singapore,Singapore,SGP,31,40,110,339749,337419
2023-01-02,2023,1,2,port1201,Singapore,Singapore,SGP,36,52,140,447050,439435
2023-01-03,2023,1,3,port1201,Singapore,Singapore,SGP,45,60,125,337630,745838
2023-01-04,2023,1,4,port1201,Singapore,Singapore,SGP,45,58,123,677871,545269
2023-01-05,2023,1,5,port1201,Singapore,Singapore,SGP,44,53,139,818327,813933
2023-01-06,2023,1,6,port1201,Singapore,Singapore,SGP,33,45,109,148288,761669
2023-01-07,2023,1,7,port1201,Singapore,Singapore,SGP,38,49,121,593939,708411
2023-01-08,2023,1,8,port1201,Singapore,Singapore,SGP,40,54,113,816577,542233
2023-01-09,2023,1,9,port1201,Singapore,Singapore,SGP,35,51,140,535836,312145
2023-01-10,2023,1,10,port1201,Singapore,Singapore,SGP,48,58,144,764337,771684
2023-01-11,2023,1,11,port1201,Singapore,Singapore,SGP,41,58,123,444626,735942
2023-01-12,2023,1,12,port1201,Singapore,Singapore,SGP,43,54,130,330229,1004657
2023-01-13,2023,1,13,port1201,Singapore,Singapore,SGP,44,59,119,857410,960041
2023-01-14,2023,1,14,port1201,Singapore,Singapore,SGP,37,44,127,600093,497819
2023-01-15,2023,1,15,port1201,Singapore,Singapore,SGP,34,50,107,818664,490236
2023-01-16,2023,1,16,port1201,Singapore,Singapore,SGP,41,59,145,676913,850336
2023-01-17,2023,1,17,port1201,Singapore,Singapore,SGP,38,48,140,261900,417640
2023-01-18,2023,1,18,port1201,Singapore,Singapore,SGP,40,50,122,1017740,528880
2023-01-19,2023,1,19,port1201,Singapore,Singapore,SGP,41,51,121,759759,690089
2023-01-20,2023,1,20,port1201,Singapore,Singapore,SGP,44,55,113,321084,651570
2023-01-21,2023,1,21,port1201,Singapore,Singapore,SGP,41,48,100,569523,416220
2023-01-22,2023,1,22,port1201,Singapore,Singapore,SGP,36,42,101,570575,450632
2023-01-23,2023,1,23,port1201,Singapore,Singapore,SGP,40,47,115,727881,490565
2023-01-24,2023,1,24,port1201,Singapore,Singapore,SGP,41,53,144,600560,520200
2023-01-25,2023,1,25,port1201,Singapore,Singapore,SGP,47,59,131,389532,777828
2023-01-26,2023,1,26,port1201,Singapore,Singapore,SGP,38,52,113,426868,594451
2023-01-27,2023,1,27,port1201,Singapore,Singapore,SGP,40,51,124,546478,588310
2023-01-28,2023,1,28,port1201,Singapore,Singapore,SGP,39,50,106,670378,439091
2023-01-29,2023,1,29,port1201,Singapore,Singapore,SGP,34,49,136,585458,587891
2023-01-30,2023,1,30,port1201,Singapore,Singapore,SGP,42,56,133,565714,758100
2023-01-31,2023,1,31,port1201,Singapore,Singapore,SGP,44,53,117,1351202,370085
2023-02-01,2023,2,1,port1201,Singapore,Singapore,SGP,41,50,124,403197,560456
2023-02-02,2023,2,2,port1201,Singapore,Singapore,SGP,48,60,138,567400,676075
2023-02-03,2023,2,3,port1201,Singapore,Singapore,SGP,43,56,144,385508,772931
2023-02-04,2023,2,4,port1201,Singapore,Singapore,SGP,39,47,142,387627,771362
2023-02-05,2023,2,5,port1201,Singapore,Singapore,SGP,37,57,131,528599,887079
2023-02-06,2023,2,6,port1201,Singapore,Singapore,SGP,40,57,145,456818,541584
2023-02-07,2023,2,7,port1201,Singapore,Singapore,SGP,46,61,135,893745,685561
2023-02-08,2023,2,8,port1201,Singapore,Singapore,SGP,41,50,110,430815,484970
2023-02-09,2023,2,9,port1201,Singapore,Singapore,SGP,38,53,125,221841,755138
2023-02-10,2023,2,10,port1201,Singapore,Singapore,SGP,35,44,125,546415,214037
2023-02-11,2023,2,11,port1201,Singapore,Singapore,SGP,31,46,107,240395,453831
2023-02-12,2023,2,12,port1201,Singapore,Singapore,SGP,37,48,125,354476,515473
2023-02-13,2023,2,13,port1201,Singapore,Singapore,SGP,36,48,116,453079,482746
2023-02-14,2023,2,14,port1201,Singapore,Singapore,SGP,38,60,124,495869,420552
2023-02-15,2023,2,15,port1201,Singapore,Singapore,SGP,47,59,136,689719,300620
2023-02-16,2023,2,16,port1201,Singapore,Singapore,SGP,38,57,132,550634,423901
2023-02-17,2023,2,17,port1201,Singapore,Singapore,SGP,31,39,96,419196,800612
2023-02-18,2023,2,18,port1201,Singapore,Singapore,SGP,35,44,123,750693,510969
2023-02-19,2023,2,19,port1201,Singapore,Singapore,SGP,32,46,110,436291,520640
2023-02-20,2023,2,20,port1201,Singapore,Singapore,SGP,43,60,135,450901,605680
2023-02-21,2023,2,21,port1201,Singapore,Singapore,SGP,43,52,115,485547,431413
2023-02-22,2023,2,22,port1201,Singapore,Singapore,SGP,41,52,134,639607,510549
2023-02-23,2023,2,23,port1201,Singapore,Singapore,SGP,35,51,115,353408,706873
2023-02-24,2023,2,24,port1201,Singapore,Singapore,SGP,29,41,118,520531,326031
2023-02-25,2023,2,25,port1201,Singapore,Singapore,SGP,38,47,115,260226,708364
2023-02-26,2023,2,26,port1201,Singapore,Singapore,SGP,39,53,129,1034315,369431
2023-02-27,2023,2,27,port1201,Singapore,Singapore,SGP,41,60,136,808698,370666
2023-02-28,2023,2,28,port1201,Singapore,Singapore,SGP,37,48,113,254045,372727
2023-03-01,2023,3,1,port1201,Singapore,Singapore,SGP,43,49,134,1130041,452220
2023-03-02,2023,3,2,port1201,Singapore,Singapore,SGP,38,54,148,997639,533097
2023-03-03,2023,3,3,port1201,Singapore,Singapore,SGP,41,53,110,554134,700648
2023-03-04,2023,3,4,port1201,Singapore,Singapore,SGP,31,41,115,609590,395731
2023-03-05,2023,3,5,port1201,Singapore,Singapore,SGP,44,56,109,519524,854477
2023-03-06,2023,3,6,port1201,Singapore,Singapore,SGP,41,56,123,432248,882419
2023-03-07,2023,3,7,port1201,Singapore,Singapore,SGP,47,61,135,540877,637165
2023-03-08,2023,3,8,port1201,Singapore,Singapore,SGP,43,52,122,616063,591691
2023-03-09,2023,3,9,port1201,Singapore,Singapore,SGP,39,54,114,1180991,609186
2023-03-10,2023,3,10,port1201,Singapore,Singapore,SGP,37,46,124,292419,963771
2023-03-11,2023,3,11,port1201,Singapore,Singapore,SGP,39,48,113,910837,554630
2023-03-12,2023,3,12,port1201,Singapore,Singapore,SGP,37,48,101,330759,658108
2023-03-13,2023,3,13,port1201,Singapore,Singapore,SGP,48,64,159,871668,1120679
2023-03-14,2023,3,14,port1201,Singapore,Singapore,SGP,41,53,117,490430,929617
2023-03-15,2023,3,15,port1201,Singapore,Singapore,SGP,44,55,122,815986,524456
2023-03-16,2023,3,16,port1201,Singapore,Singapore,SGP,37,46,112,397634,809876
2023-03-17,2023,3,17,port1201,Singapore,Singapore,SGP,40,48,120,634295,647627
2023-03-18,2023,3,18,port1201,Singapore,Singapore,SGP,38,54,122,348934,938086
2023-03-19,2023,3,19,port1201,Singapore,Singapore,SGP,37,52,103,636692,514272
2023-03-20,2023,3,20,port1201,Singapore,Singapore,SGP,44,60,143,847732,1190431
2023-03-21,2023,3,21,port1201,Singapore,Singapore,SGP,34,50,125,1106240,607388
2023-03-22,2023,3,22,port1201,Singapore,Singapore,SGP,46,54,114,579367,463814
2023-03-23,2023,3,23,port1201,Singapore,Singapore,SGP,36,47,115,1019313,409065
2023-03-24,2023,3,24,port1201,Singapore,Singapore,SGP,42,52,111,859659,756667
2023-03-25,2023,3,25,port1201,Singapore,Singapore,SGP,41,59,132,756172,494589
2023-03-26,2023,3,26,port1201,Singapore,Singapore,SGP,40,50,106,339799,902852
2023-03-27,2023,3,27,port1201,Singapore,Singapore,SGP,35,49,127,471384,612480
2023-03-28,2023,3,28,port1201,Singapore,Singapore,SGP,45,58,131,587188,723617
2023-03-29,2023,3,29,port1201,Singapore,Singapore,SGP,45,52,118,654887,816210
2023-03-30,2023,3,30,port1201,Singapore,Singapore,SGP,43,54,123,806154,414227
2023-03-31,2023,3,31,port1201,Singapore,Singapore,SGP,36,52,132,582179,469634
2023-04-01,2023,4,1,port1201,Singapore,Singapore,SGP,44,56,121,396053,858736
2023-04-02,2023,4,2,port1201,Singapore,Singapore,SGP,40,56,144,423173,716904
2023-04-03,2023,4,3,port1201,Singapore,Singapore,SGP,44,58,142,567841,507673
2023-04-04,2023,4,4,port1201,Singapore,Singapore,SGP,38,50,130,670689,419305
2023-04-05,2023,4,5,port1201,Singapore,Singapore,SGP,39,53,128,530123,723052
2023-04-06,2023,4,6,port1201,Singapore,Singapore,SGP,42,53,125,905799,575441
2023-04-07,2023,4,7,port1201,Singapore,Singapore,SGP,41,55,135,676423,464770
2023-04-08,2023,4,8,port1201,Singapore,Singapore,SGP,43,58,113,672038,493818
2023-04-09,2023,4,9,port1201,Singapore,Singapore,SGP,44,56,134,693307,461874
2023-04-10,2023,4,10,port1201,Singapore,Singapore,SGP,31,44,117,748316,196731
2023-04-11,2023,4,11,port1201,Singapore,Singapore,SGP,48,59,130,530536,741322
2023-04-12,2023,4,12,port1201,Singapore,Singapore,SGP,41,50,132,674642,672248
2023-04-13,2023,4,13,port1201,Singapore,Singapore,SGP,36,49,114,669138,479252
2023-04-14,2023,4,14,port1201,Singapore,Singapore,SGP,37,46,131,512678,891528
2023-04-15,2023,4,15,port1201,Singapore,Singapore,SGP,41,50,121,293320,646815
2023-04-16,2023,4,16,port1201,Singapore,Singapore,SGP,39,54,124,1050471,595860
2023-04-17,2023,4,17,port1201,Singapore,Singapore,SGP,35,50,135,737872,541756
2023-04-18,2023,4,18,port1201,Singapore,Singapore,SGP,42,55,119,856983,664250
2023-04-19,2023,4,19,port1201,Singapore,Singapore,SGP,36,48,122,964503,432361
2023-04-20,2023,4,20,port1201,Singapore,Singapore,SGP,38,47,113,691067,536326
2023-04-21,2023,4,21,port1201,Singapore,Singapore,SGP,38,47,124,775097,411798
2023-04-22,2023,4,22,port1201,Singapore,Singapore,SGP,36,44,106,273885,731712
2023-04-23,2023,4,23,port1201,Singapore,Singapore,SGP,47,57,124,602707,731791
2023-04-24,2023,4,24,port1201,Singapore,Singapore,SGP,41,51,142,621515,706587
2023-04-25,2023,4,25,port1201,Singapore,Singapore,SGP,48,61,125,659726,939491
2023-04-26,2023,4,26,port1201,Singapore,Singapore,SGP,42,50,138,927567,716735
2023-04-27,2023,4,27,port1201,Singapore,Singapore,SGP,35,48,111,330708,826143
2023-04-28,2023,4,28,port1201,Singapore,Singapore,SGP,42,52,121,577416,1003005
2023-04-29,2023,4,29,port1201,Singapore,Singapore,SGP,43,54,128,431141,988195
2023-04-30,2023,4,30,port1201,Singapore,Singapore,SGP,44,58,137,330929,669318
2023-05-01,2023,5,1,port1201,Singapore,Singapore,SGP,43,51,139,961090,481731
2023-05-02,2023,5,2,port1201,Singapore,Singapore,SGP,46,53,126,774017,972749
2023-05-03,2023,5,3,port1201,Singapore,Singapore,SGP,42,47,118,267959,554024
2023-05-04,2023,5,4,port1201,Singapore,Singapore,SGP,42,54,114,901015,717752
2023-05-05,2023,5,5,port1201,Singapore,Singapore,SGP,36,49,118,989847,346609
2023-05-06,2023,5,6,port1201,Singapore,Singapore,SGP,36,43,120,491576,575014
2023-05-07,2023,5,7,port1201,Singapore,Singapore,SGP,51,64,138,855163,807997
2023-05-08,2023,5,8,port1201,Singapore,Singapore,SGP,41,59,148,398777,671157
2023-05-09,2023,5,9,port1201,Singapore,Singapore,SGP,43,57,133,668716,829609
2023-05-10,2023,5,10,port1201,Singapore,Singapore,SGP,47,58,123,261429,1045689
2023-05-11,2023,5,11,port1201,Singapore,Singapore,SGP,39,50,120,555884,545711
2023-05-12,2023,5,12,port1201,Singapore,Singapore,SGP,41,53,137,728718,829446
2023-05-13,2023,5,13,port1201,Singapore,Singapore,SGP,42,55,118,446451,817932
2023-05-14,2023,5,14,port1201,Singapore,Singapore,SGP,46,57,124,1418342,748145
2023-05-15,2023,5,15,port1201,Singapore,Singapore,SGP,40,60,140,495046,698794
2023-05-16,2023,5,16,port1201,Singapore,Singapore,SGP,43,54,117,503202,881280
2023-05-17,2023,5,17,port1201,Singapore,Singapore,SGP,39,46,112,420595,931179
2023-05-18,2023,5,18,port1201,Singapore,Singapore,SGP,36,51,135,467443,438184
2023-05-19,2023,5,19,port1201,Singapore,Singapore,SGP,46,55,125,804666,707306
2023-05-20,2023,5,20,port1201,Singapore,Singapore,SGP,39,51,133,549979,666573
2023-05-21,2023,5,21,port1201,Singapore,Singapore,SGP,37,46,109,908467,365056
2023-05-22,2023,5,22,port1201,Singapore,Singapore,SGP,41,58,145,708882,511360
2023-05-23,2023,5,23,port1201,Singapore,Singapore,SGP,52,67,140,577874,1041936
2023-05-24,2023,5,24,port1201,Singapore,Singapore,SGP,44,53,131,507606,761218
2023-05-25,2023,5,25,port1201,Singapore,Singapore,SGP,38,44,119,698398,494692
2023-05-26,2023,5,26,port1201,Singapore,Singapore,SGP,40,52,121,792710,506607
2023-05-27,2023,5,27,port1201,Singapore,Singapore,SGP,40,51,121,541133,816918
2023-05-28,2023,5,28,port1201,Singapore,Singapore,SGP,42,51,115,851497,567181
2023-05-29,2023,5,29,port1201,Singapore,Singapore,SGP,49,64,153,1126004,869329
2023-05-30,2023,5,30,port1201,Singapore,Singapore,SGP,41,54,133,847847,800951
2023-05-31,2023,5,31,port1201,Singapore,Singapore,SGP,32,44,116,562632,339409
2023-06-01,2023,6,1,port1201,Singapore,Singapore,SGP,43,48,119,1034563,884998
2023-06-02,2023,6,2,port1201,Singapore,Singapore,SGP,40,48,120,720258,574611
2023-06-03,2023,6,3,port1201,Singapore,Singapore,SGP,34,45,109,293398,430417
2023-06-04,2023,6,4,port1201,Singapore,Singapore,SGP,44,51,121,1145301,669166
2023-06-05,2023,6,5,port1201,Singapore,Singapore,SGP,45,61,153,928983,787037
2023-06-06,2023,6,6,port1201,Singapore,Singapore,SGP,36,50,120,493896,674311
2023-06-07,2023,6,7,port1201,Singapore,Singapore,SGP,37,50,122,612716,603159
2023-06-08,2023,6,8,port1201,Singapore,Singapore,SGP,35,45,124,463567,633944
2023-06-09,2023,6,9,port1201,Singapore,Singapore,SGP,35,46,109,429967,698147
2023-06-10,2023,6,10,port1201,Singapore,Singapore,SGP,38,47,129,253987,676764
2023-06-11,2023,6,11,port1201,Singapore,Singapore,SGP,44,60,122,1121993,535636
2023-06-12,2023,6,12,port1201,Singapore,Singapore,SGP,39,53,138,524430,574947
2023-06-13,2023,6,13,port1201,Singapore,Singapore,SGP,48,62,137,243393,883126
2023-06-14,2023,6,14,port1201,Singapore,Singapore,SGP,47,57,133,812987,609335
2023-06-15,2023,6,15,port1201,Singapore,Singapore,SGP,42,52,117,644716,681083
2023-06-16,2023,6,16,port1201,Singapore,Singapore,SGP,43,56,137,403189,926958
2023-06-17,2023,6,17,port1201,Singapore,Singapore,SGP,45,55,118,819269,570490
2023-06-18,2023,6,18,port1201,Singapore,Singapore,SGP,39,46,118,462791,524147
2023-06-19,2023,6,19,port1201,Singapore,Singapore,SGP,41,50,132,891210,775363
2023-06-20,2023,6,20,port1201,Singapore,Singapore,SGP,41,52,117,559773,795723
2023-06-21,2023,6,21,port1201,Singapore,Singapore,SGP,51,59,130,1008325,693314
2023-06-22,2023,6,22,port1201,Singapore,Singapore,SGP,32,46,120,407199,884557
2023-06-23,2023,6,23,port1201,Singapore,Singapore,SGP,47,56,126,522358,772298
2023-06-24,2023,6,24,port1201,Singapore,Singapore,SGP,38,53,127,739262,437454
2023-06-25,2023,6,25,port1201,Singapore,Singapore,SGP,49,64,130,520586,807943
2023-06-26,2023,6,26,port1201,Singapore,Singapore,SGP,37,48,137,574011,796497
2023-06-27,2023,6,27,port1201,Singapore,Singapore,SGP,44,50,133,845101,652657
2023-06-28,2023,6,28,port1201,Singapore,Singapore,SGP,40,49,128,550186,591330
2023-06-29,2023,6,29,port1201,Singapore,Singapore,SGP,43,55,128,890318,775201
2023-06-30,2023,6,30,port1201,Singapore,Singapore,SGP,38,49,139,460303,430326
2023-07-01,2023,7,1,port1201,Singapore,Singapore,SGP,53,67,129,841856,576021
2023-07-02,2023,7,2,port1201,Singapore,Singapore,SGP,44,56,126,579057,559964
2023-07-03,2023,7,3,port1201,Singapore,Singapore,SGP,42,58,149,721237,698434
2023-07-04,2023,7,4,port1201,Singapore,Singapore,SGP,41,50,124,404186,1039787
2023-07-05,2023,7,5,port1201,Singapore,Singapore,SGP,39,46,105,975837,652359
2023-07-06,2023,7,6,port1201,Singapore,Singapore,SGP,41,50,114,568139,688753
2023-07-07,2023,7,7,port1201,Singapore,Singapore,SGP,41,57,140,598408,605789
2023-07-08,2023,7,8,port1201,Singapore,Singapore,SGP,50,65,125,1082205,818112
2023-07-09,2023,7,9,port1201,Singapore,Singapore,SGP,44,62,135,456400,778004
2023-07-10,2023,7,10,port1201,Singapore,Singapore,SGP,38,48,135,338499,619308
2023-07-11,2023,7,11,port1201,Singapore,Singapore,SGP,40,51,115,553139,610438
2023-07-12,2023,7,12,port1201,Singapore,Singapore,SGP,44,60,133,836491,604118
2023-07-13,2023,7,13,port1201,Singapore,Singapore,SGP,44,55,124,806645,603567
2023-07-14,2023,7,14,port1201,Singapore,Singapore,SGP,41,52,122,596853,680225
2023-07-15,2023,7,15,port1201,Singapore,Singapore,SGP,38,45,109,524827,586199
2023-07-16,2023,7,16,port1201,Singapore,Singapore,SGP,44,54,126,784682,907287
2023-07-17,2023,7,17,port1201,Singapore,Singapore,SGP,36,53,127,562316,542406
2023-07-18,2023,7,18,port1201,Singapore,Singapore,SGP,38,50,105,630615,814278
2023-07-19,2023,7,19,port1201,Singapore,Singapore,SGP,43,48,119,625027,781753
2023-07-20,2023,7,20,port1201,Singapore,Singapore,SGP,45,56,118,513209,708674
2023-07-21,2023,7,21,port1201,Singapore,Singapore,SGP,41,51,138,1008717,500812
2023-07-22,2023,7,22,port1201,Singapore,Singapore,SGP,35,45,111,261338,847914
2023-07-23,2023,7,23,port1201,Singapore,Singapore,SGP,42,52,124,775242,503143
2023-07-24,2023,7,24,port1201,Singapore,Singapore,SGP,45,55,146,331116,701794
2023-07-25,2023,7,25,port1201,Singapore,Singapore,SGP,44,56,107,825391,881106
2023-07-26,2023,7,26,port1201,Singapore,Singapore,SGP,40,53,128,595664,491313
2023-07-27,2023,7,27,port1201,Singapore,Singapore,SGP,46,55,133,625039,813999
2023-07-28,2023,7,28,port1201,Singapore,Singapore,SGP,44,58,130,1027542,512253
2023-07-29,2023,7,29,port1201,Singapore,Singapore,SGP,43,54,115,403149,675507
2023-07-30,2023,7,30,port1201,Singapore,Singapore,SGP,46,56,123,659639,931775
2023-07-31,2023,7,31,port1201,Singapore,Singapore,SGP,43,59,150,1079144,441781
2023-08-01,2023,8,1,port1201,Singapore,Singapore,SGP,38,48,105,283908,656013
2023-08-02,2023,8,2,port1201,Singapore,Singapore,SGP,38,46,114,1253302,415204
2023-08-03,2023,8,3,port1201,Singapore,Singapore,SGP,40,49,124,665498,650219
2023-08-04,2023,8,4,port1201,Singapore,Singapore,SGP,41,53,142,328087,590979
2023-08-05,2023,8,5,port1201,Singapore,Singapore,SGP,41,60,133,475049,689613
2023-08-06,2023,8,6,port1201,Singapore,Singapore,SGP,51,64,142,1004614,816804
2023-08-07,2023,8,7,port1201,Singapore,Singapore,SGP,39,51,143,325151,683727
2023-08-08,2023,8,8,port1201,Singapore,Singapore,SGP,44,55,98,826724,481956
2023-08-09,2023,8,9,port1201,Singapore,Singapore,SGP,40,46,118,353985,535640
2023-08-10,2023,8,10,port1201,Singapore,Singapore,SGP,43,51,123,452905,664762
2023-08-11,2023,8,11,port1201,Singapore,Singapore,SGP,45,57,117,736628,674817
2023-08-12,2023,8,12,port1201,Singapore,Singapore,SGP,41,56,114,282200,651483
2023-08-13,2023,8,13,port1201,Singapore,Singapore,SGP,38,54,121,944288,608825
2023-08-14,2023,8,14,port1201,Singapore,Singapore,SGP,38,48,129,708280,578283
2023-08-15,2023,8,15,port1201,Singapore,Singapore,SGP,44,53,135,515037,815070
2023-08-16,2023,8,16,port1201,Singapore,Singapore,SGP,37,47,117,550783,573239
2023-08-17,2023,8,17,port1201,Singapore,Singapore,SGP,37,50,109,643971,727678
2023-08-18,2023,8,18,port1201,Singapore,Singapore,SGP,48,61,137,729648,1071377
2023-08-19,2023,8,19,port1201,Singapore,Singapore,SGP,39,52,118,459727,477284
2023-08-20,2023,8,20,port1201,Singapore,Singapore,SGP,44,58,132,672294,761122
2023-08-21,2023,8,21,port1201,Singapore,Singapore,SGP,40,53,154,948369,541162
2023-08-22,2023,8,22,port1201,Singapore,Singapore,SGP,40,48,129,839856,740526
2023-08-23,2023,8,23,port1201,Singapore,Singapore,SGP,45,51,113,760163,422893
2023-08-24,2023,8,24,port1201,Singapore,Singapore,SGP,46,61,129,844831,526446
2023-08-25,2023,8,25,port1201,Singapore,Singapore,SGP,38,45,116,448660,720586
2023-08-26,2023,8,26,port1201,Singapore,Singapore,SGP,45,54,123,454422,794440
2023-08-27,2023,8,27,port1201,Singapore,Singapore,SGP,48,57,128,647011,788868
2023-08-28,2023,8,28,port1201,Singapore,Singapore,SGP,46,59,147,353938,974477
2023-08-29,2023,8,29,port1201,Singapore,Singapore,SGP,42,50,119,864937,585731
2023-08-30,2023,8,30,port1201,Singapore,Singapore,SGP,38,53,125,553765,579975
2023-08-31,2023,8,31,port1201,Singapore,Singapore,SGP,43,52,128,605005,629075
2023-09-01,2023,9,1,port1201,Singapore,Singapore,SGP,44,56,129,585920,637988
2023-09-02,2023,9,2,port1201,Singapore,Singapore,SGP,42,52,120,343167,878106
2023-09-03,2023,9,3,port1201,Singapore,Singapore,SGP,41,55,123,808631,597810
2023-09-04,2023,9,4,port1201,Singapore,Singapore,SGP,46,58,139,756844,587701
2023-09-05,2023,9,5,port1201,Singapore,Singapore,SGP,41,55,127,945827,531349
2023-09-06,2023,9,6,port1201,Singapore,Singapore,SGP,36,43,111,288874,599172
2023-09-07,2023,9,7,port1201,Singapore,Singapore,SGP,37,51,126,661507,765127
2023-09-08,2023,9,8,port1201,Singapore,Singapore,SGP,41,53,130,394152,798733
2023-09-09,2023,9,9,port1201,Singapore,Singapore,SGP,41,53,108,551735,740177
2023-09-10,2023,9,10,port1201,Singapore,Singapore,SGP,45,60,128,433752,872316
2023-09-11,2023,9,11,port1201,Singapore,Singapore,SGP,50,66,150,1021794,634956
2023-09-12,2023,9,12,port1201,Singapore,Singapore,SGP,45,55,119,423050,548231
2023-09-13,2023,9,13,port1201,Singapore,Singapore,SGP,40,52,116,538748,590858
2023-09-14,2023,9,14,port1201,Singapore,Singapore,SGP,41,50,121,870548,798587
2023-09-15,2023,9,15,port1201,Singapore,Singapore,SGP,40,52,127,476235,486457
2023-09-16,2023,9,16,port1201,Singapore,Singapore,SGP,45,57,116,354698,1077899
2023-09-17,2023,9,17,port1201,Singapore,Singapore,SGP,44,53,114,424600,770553
2023-09-18,2023,9,18,port1201,Singapore,Singapore,SGP,51,65,176,797566,544263
2023-09-19,2023,9,19,port1201,Singapore,Singapore,SGP,37,47,111,698216,525305
2023-09-20,2023,9,20,port1201,Singapore,Singapore,SGP,48,54,114,581149,657791
2023-09-21,2023,9,21,port1201,Singapore,Singapore,SGP,40,49,131,629026,371861
2023-09-22,2023,9,22,port1201,Singapore,Singapore,SGP,46,58,109,708983,732717
2023-09-23,2023,9,23,port1201,Singapore,Singapore,SGP,41,49,110,1003463,479040
2023-09-24,2023,9,24,port1201,Singapore,Singapore,SGP,41,52,120,604822,548442
2023-09-25,2023,9,25,port1201,Singapore,Singapore,SGP,42,55,128,543655,609777
2023-09-26,2023,9,26,port1201,Singapore,Singapore,SGP,43,49,108,322631,645419
2023-09-27,2023,9,27,port1201,Singapore,Singapore,SGP,42,52,128,693410,935524
2023-09-28,2023,9,28,port1201,Singapore,Singapore,SGP,40,53,120,845219,408211
2023-09-29,2023,9,29,port1201,Singapore,Singapore,SGP,41,51,117,655405,549232
2023-09-30,2023,9,30,port1201,Singapore,Singapore,SGP,46,53,127,471276,547971
2023-10-01,2023,10,1,port1201,Singapore,Singapore,SGP,45,54,120,884929,694492
2023-10-02,2023,10,2,port1201,Singapore,Singapore,SGP,45,60,149,491256,705920
2023-10-03,2023,10,3,port1201,Singapore,Singapore,SGP,39,46,122,922782,554811
2023-10-04,2023,10,4,port1201,Singapore,Singapore,SGP,41,49,126,934863,635795
2023-10-05,2023,10,5,port1201,Singapore,Singapore,SGP,31,42,105,183759,717169
2023-10-06,2023,10,6,port1201,Singapore,Singapore,SGP,40,51,118,803531,560308
2023-10-07,2023,10,7,port1201,Singapore,Singapore,SGP,45,50,119,600503,682982
2023-10-08,2023,10,8,port1201,Singapore,Singapore,SGP,47,56,116,570966,624449
2023-10-09,2023,10,9,port1201,Singapore,Singapore,SGP,45,57,136,522908,791194
2023-10-10,2023,10,10,port1201,Singapore,Singapore,SGP,37,48,121,711659,532792
2023-10-11,2023,10,11,port1201,Singapore,Singapore,SGP,36,45,107,287978,609074
2023-10-12,2023,10,12,port1201,Singapore,Singapore,SGP,39,52,137,1066170,595106
2023-10-13,2023,10,13,port1201,Singapore,Singapore,SGP,40,55,137,395873,718989
2023-10-14,2023,10,14,port1201,Singapore,Singapore,SGP,39,50,117,682623,636013
2023-10-15,2023,10,15,port1201,Singapore,Singapore,SGP,37,54,119,324928,766985
2023-10-16,2023,10,16,port1201,Singapore,Singapore,SGP,45,60,145,548741,790489
2023-10-17,2023,10,17,port1201,Singapore,Singapore,SGP,40,49,125,661638,507859
2023-10-18,2023,10,18,port1201,Singapore,Singapore,SGP,34,41,111,669415,441721
2023-10-19,2023,10,19,port1201,Singapore,Singapore,SGP,39,52,131,447461,957298
2023-10-20,2023,10,20,port1201,Singapore,Singapore,SGP,47,57,129,552986,569393
2023-10-21,2023,10,21,port1201,Singapore,Singapore,SGP,39,49,115,744494,497153
2023-10-22,2023,10,22,port1201,Singapore,Singapore,SGP,37,54,123,584406,382508
2023-10-23,2023,10,23,port1201,Singapore,Singapore,SGP,37,54,120,398419,525492
2023-10-24,2023,10,24,port1201,Singapore,Singapore,SGP,43,54,127,601043,609600
2023-10-25,2023,10,25,port1201,Singapore,Singapore,SGP,43,60,130,916005,590182
2023-10-26,2023,10,26,port1201,Singapore,Singapore,SGP,31,39,113,636382,580404
2023-10-27,2023,10,27,port1201,Singapore,Singapore,SGP,39,44,104,581471,583246
2023-10-28,2023,10,28,port1201,Singapore,Singapore,SGP,44,54,128,499224,758516
2023-10-29,2023,10,29,port1201,Singapore,Singapore,SGP,34,46,125,482722,505242
2023-10-30,2023,10,30,port1201,Singapore,Singapore,SGP,39,52,118,999528,407294
2023-10-31,2023,10,31,port1201,Singapore,Singapore,SGP,49,61,139,630185,1012643
2023-11-01,2023,11,1,port1201,Singapore,Singapore,SGP,38,49,125,417015,904856
2023-11-02,2023,11,2,port1201,Singapore,Singapore,SGP,41,53,121,867192,748914
2023-11-03,2023,11,3,port1201,Singapore,Singapore,SGP,39,50,120,886414,675737
2023-11-04,2023,11,4,port1201,Singapore,Singapore,SGP,43,53,108,699729,791343
2023-11-05,2023,11,5,port1201,Singapore,Singapore,SGP,37,47,112,377332,571971
2023-11-06,2023,11,6,port1201,Singapore,Singapore,SGP,41,53,145,446091,538996
2023-11-07,2023,11,7,port1201,Singapore,Singapore,SGP,48,57,128,818144,653765
2023-11-08,2023,11,8,port1201,Singapore,Singapore,SGP,41,60,144,549818,787018
2023-11-09,2023,11,9,port1201,Singapore,Singapore,SGP,45,55,125,608972,676778
2023-11-10,2023,11,10,port1201,Singapore,Singapore,SGP,42,54,126,803277,654218
2023-11-11,2023,11,11,port1201,Singapore,Singapore,SGP,39,52,117,897089,533449
2023-11-12,2023,11,12,port1201,Singapore,Singapore,SGP,43,53,115,966354,860848
2023-11-13,2023,11,13,port1201,Singapore,Singapore,SGP,44,54,133,378862,807100
2023-11-14,2023,11,14,port1201,Singapore,Singapore,SGP,40,46,121,606677,475949
2023-11-15,2023,11,15,port1201,Singapore,Singapore,SGP,44,49,104,794112,575787
2023-11-16,2023,11,16,port1201,Singapore,Singapore,SGP,35,46,139,475045,476875
2023-11-17,2023,11,17,port1201,Singapore,Singapore,SGP,48,63,140,392356,888480
2023-11-18,2023,11,18,port1201,Singapore,Singapore,SGP,37,43,109,637600,579484
2023-11-19,2023,11,19,port1201,Singapore,Singapore,SGP,43,54,118,1048584,354241
2023-11-20,2023,11,20,port1201,Singapore,Singapore,SGP,37,54,140,354785,526949
2023-11-21,2023,11,21,port1201,Singapore,Singapore,SGP,48,62,128,850401,604742
2023-11-22,2023,11,22,port1201,Singapore,Singapore,SGP,41,52,116,325171,898463
2023-11-23,2023,11,23,port1201,Singapore,Singapore,SGP,40,46,115,507099,781445
2023-11-24,2023,11,24,port1201,Singapore,Singapore,SGP,38,46,123,458634,610287
2023-11-25,2023,11,25,port1201,Singapore,Singapore,SGP,42,53,114,618374,940718
2023-11-26,2023,11,26,port1201,Singapore,Singapore,SGP,45,59,118,1163414,768277
2023-11-27,2023,11,27,port1201,Singapore,Singapore,SGP,38,47,139,841588,789338
2023-11-28,2023,11,28,port1201,Singapore,Singapore,SGP,37,42,114,668151,445474
2023-11-29,2023,11,29,port1201,Singapore,Singapore,SGP,37,50,121,592921,481146
2023-11-30,2023,11,30,port1201,Singapore,Singapore,SGP,39,50,96,612764,645615
2023-12-01,2023,12,1,port1201,Singapore,Singapore,SGP,40,52,126,595699,758170
2023-12-02,2023,12,2,port1201,Singapore,Singapore,SGP,41,54,112,551034,707560
2023-12-03,2023,12,3,port1201,Singapore,Singapore,SGP,37,46,108,975593,683707
2023-12-04,2023,12,4,port1201,Singapore,Singapore,SGP,44,57,157,547316,558110
2023-12-05,2023,12,5,port1201,Singapore,Singapore,SGP,50,59,140,713089,706964
2023-12-06,2023,12,6,port1201,Singapore,Singapore,SGP,44,51,111,276908,927417
2023-12-07,2023,12,7,port1201,Singapore,Singapore,SGP,46,60,129,538436,864057
2023-12-08,2023,12,8,port1201,Singapore,Singapore,SGP,37,50,123,748393,588256
2023-12-09,2023,12,9,port1201,Singapore,Singapore,SGP,46,64,129,330237,614076
2023-12-10,2023,12,10,port1201,Singapore,Singapore,SGP,46,55,116,772153,785193
2023-12-11,2023,12,11,port1201,Singapore,Singapore,SGP,40,55,153,495077,658471
2023-12-12,2023,12,12,port1201,Singapore,Singapore,SGP,40,49,111,820416,585115
2023-12-13,2023,12,13,port1201,Singapore,Singapore,SGP,47,55,130,1177034,808658
2023-12-14,2023,12,14,port1201,Singapore,Singapore,SGP,43,53,133,717114,621450
2023-12-15,2023,12,15,port1201,Singapore,Singapore,SGP,37,53,129,594688,542951
2023-12-16,2023,12,16,port1201,Singapore,Singapore,SGP,45,51,113,739739,627913
2023-12-17,2023,12,17,port1201,Singapore,Singapore,SGP,34,39,104,619223,441729
2023-12-18,2023,12,18,port1201,Singapore,Singapore,SGP,36,50,125,486282,533977
2023-12-19,2023,12,19,port1201,Singapore,Singapore,SGP,43,53,134,513195,809207
2023-12-20,2023,12,20,port1201,Singapore,Singapore,SGP,37,46,115,682249,552124
2023-12-21,2023,12,21,port1201,Singapore,Singapore,SGP,40,54,121,564025,691298
2023-12-22,2023,12,22,port1201,Singapore,Singapore,SGP,50,60,124,485050,941288
2023-12-23,2023,12,23,port1201,Singapore,Singapore,SGP,38,48,109,780445,703059
2023-12-24,2023,12,24,port1201,Singapore,Singapore,SGP,41,50,112,880833,529328
2023-12-25,2023,12,25,port1201,Singapore,Singapore,SGP,42,50,133,817525,879431
2023-12-26,2023,12,26,port1201,Singapore,Singapore,SGP,36,50,134,710048,515039
2023-12-27,2023,12,27,port1201,Singapore,Singapore,SGP,40,50,112,883636,653880
2023-12-28,2023,12,28,port1201,Singapore,Singapore,SGP,34,39,109,550274,485809
2023-12-29,2023,12,29,port1201,Singapore,Singapore,SGP,41,57,123,893893,1003067
2023-12-30,2023,12,30,port1201,Singapore,Singapore,SGP,36,47,117,712792,432910
2023-12-31,2023,12,31,port1201,Singapore,Singapore,SGP,32,41,99,537714,703722
2024-01-01,2024,1,1,port1201,Singapore,Singapore,SGP,42,49,142,613443,619587
2024-01-02,2024,1,2,port1201,Singapore,Singapore,SGP,36,51,122,384481,631780
2024-01-03,2024,1,3,port1201,Singapore,Singapore,SGP,45,54,135,686959,517329
2024-01-04,2024,1,4,port1201,Singapore,Singapore,SGP,47,57,135,811285,831146
2024-01-05,2024,1,5,port1201,Singapore,Singapore,SGP,37,48,124,478020,690166
2024-01-06,2024,1,6,port1201,Singapore,Singapore,SGP,37,43,114,413842,601385
2024-01-07,2024,1,7,port1201,Singapore,Singapore,SGP,39,44,103,420096,312886
2024-01-08,2024,1,8,port1201,Singapore,Singapore,SGP,46,63,158,421518,737213
2024-01-09,2024,1,9,port1201,Singapore,Singapore,SGP,40,47,119,887672,798926
2024-01-10,2024,1,10,port1201,Singapore,Singapore,SGP,40,52,115,299436,794869
2024-01-11,2024,1,11,port1201,Singapore,Singapore,SGP,38,52,126,841313,538897
2024-01-12,2024,1,12,port1201,Singapore,Singapore,SGP,40,50,121,693599,748267
2024-01-13,2024,1,13,port1201,Singapore,Singapore,SGP,30,38,89,784094,601622
2024-01-14,2024,1,14,port1201,Singapore,Singapore,SGP,38,49,109,736637,614688
2024-01-15,2024,1,15,port1201,Singapore,Singapore,SGP,47,62,166,865277,913367
2024-01-16,2024,1,16,port1201,Singapore,Singapore,SGP,41,49,119,1180689,521801
2024-01-17,2024,1,17,port1201,Singapore,Singapore,SGP,41,49,130,1000998,970005
2024-01-18,2024,1,18,port1201,Singapore,Singapore,SGP,51,66,137,790530,1126585
2024-01-19,2024,1,19,port1201,Singapore,Singapore,SGP,39,49,126,551683,673457
2024-01-20,2024,1,20,port1201,Singapore,Singapore,SGP,37,49,108,389837,748536
2024-01-21,2024,1,21,port1201,Singapore,Singapore,SGP,39,53,132,1182577,769600
2024-01-22,2024,1,22,port1201,Singapore,Singapore,SGP,35,46,120,544205,568444
2024-01-23,2024,1,23,port1201,Singapore,Singapore,SGP,40,54,116,723553,708429
2024-01-24,2024,1,24,port1201,Singapore,Singapore,SGP,39,48,130,544693,609020
2024-01-25,2024,1,25,port1201,Singapore,Singapore,SGP,39,50,113,729006,666549
2024-01-26,2024,1,26,port1201,Singapore,Singapore,SGP,47,59,131,357660,876922
2024-01-27,2024,1,27,port1201,Singapore,Singapore,SGP,39,50,123,849701,593904
2024-01-28,2024,1,28,port1201,Singapore,Singapore,SGP,41,53,116,584085,651831
2024-01-29,2024,1,29,port1201,Singapore,Singapore,SGP,42,53,145,391573,892150
2024-01-30,2024,1,30,port1201,Singapore,Singapore,SGP,39,47,115,793082,408625
2024-01-31,2024,1,31,port1201,Singapore,Singapore,SGP,29,34,106,587243,531783
2024-02-01,2024,2,1,port1201,Singapore,Singapore,SGP,39,51,141,1468879,412073
2024-02-02,2024,2,2,port1201,Singapore,Singapore,SGP,37,51,121,377630,658926
2024-02-03,2024,2,3,port1201,Singapore,Singapore,SGP,45,56,123,1081657,470316
2024-02-04,2024,2,4,port1201,Singapore,Singapore,SGP,34,48,118,205250,731797
2024-02-05,2024,2,5,port1201,Singapore,Singapore,SGP,40,57,152,636021,741601
2024-02-06,2024,2,6,port1201,Singapore,Singapore,SGP,43,53,125,388914,775853
2024-02-07,2024,2,7,port1201,Singapore,Singapore,SGP,38,44,113,293908,605734
2024-02-08,2024,2,8,port1201,Singapore,Singapore,SGP,38,46,120,790975,631940
2024-02-09,2024,2,9,port1201,Singapore,Singapore,SGP,35,47,120,518254,459111
2024-02-10,2024,2,10,port1201,Singapore,Singapore,SGP,38,49,123,331254,535740
2024-02-11,2024,2,11,port1201,Singapore,Singapore,SGP,39,44,104,409971,543594
2024-02-12,2024,2,12,port1201,Singapore,Singapore,SGP,36,48,132,890565,366871
2024-02-13,2024,2,13,port1201,Singapore,Singapore,SGP,39,47,125,1012237,215861
2024-02-14,2024,2,14,port1201,Singapore,Singapore,SGP,42,52,111,1053034,556501
2024-02-15,2024,2,15,port1201,Singapore,Singapore,SGP,43,53,137,447770,760724
2024-02-16,2024,2,16,port1201,Singapore,Singapore,SGP,41,52,128,727258,710818
2024-02-17,2024,2,17,port1201,Singapore,Singapore,SGP,40,49,120,644442,872612
2024-02-18,2024,2,18,port1201,Singapore,Singapore,SGP,35,45,120,595291,551774
2024-02-19,2024,2,19,port1201,Singapore,Singapore,SGP,36,49,146,732950,378966
2024-02-20,2024,2,20,port1201,Singapore,Singapore,SGP,41,49,123,564347,516130
2024-02-21,2024,2,21,port1201,Singapore,Singapore,SGP,36,41,112,607121,589881
2024-02-22,2024,2,22,port1201,Singapore,Singapore,SGP,43,55,126,654704,895681
2024-02-23,2024,2,23,port1201,Singapore,Singapore,SGP,31,40,102,505874,704103
2024-02-24,2024,2,24,port1201,Singapore,Singapore,SGP,44,56,150,674506,834697
2024-02-25,2024,2,25,port1201,Singapore,Singapore,SGP,42,49,128,580571,894579
2024-02-26,2024,2,26,port1201,Singapore,Singapore,SGP,43,56,143,242465,830985
2024-02-27,2024,2,27,port1201,Singapore,Singapore,SGP,43,57,127,616895,599804
2024-02-28,2024,2,28,port1201,Singapore,Singapore,SGP,37,50,133,337848,922534
2024-02-29,2024,2,29,port1201,Singapore,Singapore,SGP,35,40,118,549385,941059
2024-03-01,2024,3,1,port1201,Singapore,Singapore,SGP,36,44,108,247430,635849
2024-03-02,2024,3,2,port1201,Singapore,Singapore,SGP,39,50,112,701433,1012269
2024-03-03,2024,3,3,port1201,Singapore,Singapore,SGP,39,48,108,804364,498359
2024-03-04,2024,3,4,port1201,Singapore,Singapore,SGP,34,51,138,762093,274366
2024-03-05,2024,3,5,port1201,Singapore,Singapore,SGP,37,47,114,1365236,260116
2024-03-06,2024,3,6,port1201,Singapore,Singapore,SGP,36,50,128,727822,461067
2024-03-07,2024,3,7,port1201,Singapore,Singapore,SGP,44,63,139,715274,990336
2024-03-08,2024,3,8,port1201,Singapore,Singapore,SGP,35,44,109,757599,632756
2024-03-09,2024,3,9,port1201,Singapore,Singapore,SGP,42,53,119,561607,932596
2024-03-10,2024,3,10,port1201,Singapore,Singapore,SGP,42,50,109,434794,1005719
2024-03-11,2024,3,11,port1201,Singapore,Singapore,SGP,35,45,127,532569,727185
2024-03-12,2024,3,12,port1201,Singapore,Singapore,SGP,40,47,124,655808,714590
2024-03-13,2024,3,13,port1201,Singapore,Singapore,SGP,40,53,131,879679,585604
2024-03-14,2024,3,14,port1201,Singapore,Singapore,SGP,35,47,119,930140,641181
2024-03-15,2024,3,15,port1201,Singapore,Singapore,SGP,34,42,111,595761,639843
2024-03-16,2024,3,16,port1201,Singapore,Singapore,SGP,36,47,103,702782,987963
2024-03-17,2024,3,17,port1201,Singapore,Singapore,SGP,33,40,113,577504,745768
2024-03-18,2024,3,18,port1201,Singapore,Singapore,SGP,37,47,127,744159,456364
2024-03-19,2024,3,19,port1201,Singapore,Singapore,SGP,32,40,109,274978,519405
2024-03-20,2024,3,20,port1201,Singapore,Singapore,SGP,37,49,111,581401,836673
2024-03-21,2024,3,21,port1201,Singapore,Singapore,SGP,36,45,129,578765,870158
2024-03-22,2024,3,22,port1201,Singapore,Singapore,SGP,43,55,131,500671,822698
2024-03-23,2024,3,23,port1201,Singapore,Singapore,SGP,41,49,130,817163,561761
2024-03-24,2024,3,24,port1201,Singapore,Singapore,SGP,45,55,126,745018,849272
2024-03-25,2024,3,25,port1201,Singapore,Singapore,SGP,38,45,133,548279,965651
2024-03-26,2024,3,26,port1201,Singapore,Singapore,SGP,36,45,115,721998,385968
2024-03-27,2024,3,27,port1201,Singapore,Singapore,SGP,36,49,127,871040,644584
2024-03-28,2024,3,28,port1201,Singapore,Singapore,SGP,38,49,127,466039,690962
2024-03-29,2024,3,29,port1201,Singapore,Singapore,SGP,37,46,102,850813,386657
2024-03-30,2024,3,30,port1201,Singapore,Singapore,SGP,38,50,117,615505,640197
2024-03-31,2024,3,31,port1201,Singapore,Singapore,SGP,26,41,133,270606,285802
2024-04-01,2024,4,1,port1201,Singapore,Singapore,SGP,37,48,136,622756,760194
2024-04-02,2024,4,2,port1201,Singapore,Singapore,SGP,42,49,134,900718,510066
2024-04-03,2024,4,3,port1201,Singapore,Singapore,SGP,39,52,130,643269,647126
2024-04-04,2024,4,4,port1201,Singapore,Singapore,SGP,39,46,115,736459,512189
2024-04-05,2024,4,5,port1201,Singapore,Singapore,SGP,40,50,131,668136,650885
2024-04-06,2024,4,6,port1201,Singapore,Singapore,SGP,38,50,118,827357,503389
2024-04-07,2024,4,7,port1201,Singapore,Singapore,SGP,41,49,134,347551,992710
2024-04-08,2024,4,8,port1201,Singapore,Singapore,SGP,36,50,150,1016835,473626
2024-04-09,2024,4,9,port1201,Singapore,Singapore,SGP,42,56,127,683807,1461075
2024-04-10,2024,4,10,port1201,Singapore,Singapore,SGP,38,49,112,707602,719894
2024-04-11,2024,4,11,port1201,Singapore,Singapore,SGP,33,50,124,504661,544517
2024-04-12,2024,4,12,port1201,Singapore,Singapore,SGP,39,50,122,1190652,493091
2024-04-13,2024,4,13,port1201,Singapore,Singapore,SGP,31,36,109,710320,436215
2024-04-14,2024,4,14,port1201,Singapore,Singapore,SGP,39,47,111,796286,643505
2024-04-15,2024,4,15,port1201,Singapore,Singapore,SGP,36,51,161,400348,634933
2024-04-16,2024,4,16,port1201,Singapore,Singapore,SGP,42,49,116,848936,676799
2024-04-17,2024,4,17,port1201,Singapore,Singapore,SGP,31,37,118,1119850,700738
2024-04-18,2024,4,18,port1201,Singapore,Singapore,SGP,37,43,107,1197375,782025
2024-04-19,2024,4,19,port1201,Singapore,Singapore,SGP,34,43,118,278896,1040552
2024-04-20,2024,4,20,port1201,Singapore,Singapore,SGP,33,43,97,604567,550161
2024-04-21,2024,4,21,port1201,Singapore,Singapore,SGP,42,52,117,840823,702469
2024-04-22,2024,4,22,port1201,Singapore,Singapore,SGP,37,51,136,797579,666710
2024-04-23,2024,4,23,port1201,Singapore,Singapore,SGP,34,42,124,982388,766185
2024-04-24,2024,4,24,port1201,Singapore,Singapore,SGP,40,46,128,513176,942389
2024-04-25,2024,4,25,port1201,Singapore,Singapore,SGP,27,35,98,704856,650833
2024-04-26,2024,4,26,port1201,Singapore,Singapore,SGP,38,46,109,515167,582895
2024-04-27,2024,4,27,port1201,Singapore,Singapore,SGP,32,40,127,456775,752992
2024-04-28,2024,4,28,port1201,Singapore,Singapore,SGP,42,52,121,579646,712315
2024-04-29,2024,4,29,port1201,Singapore,Singapore,SGP,25,41,130,295320,749270
2024-04-30,2024,4,30,port1201,Singapore,Singapore,SGP,36,47,116,460025,643531
2024-05-01,2024,5,1,port1201,Singapore,Singapore,SGP,37,44,125,452335,661557
2024-05-02,2024,5,2,port1201,Singapore,Singapore,SGP,39,54,118,1046308,814491
2024-05-03,2024,5,3,port1201,Singapore,Singapore,SGP,33,46,122,514074,717207
2024-05-04,2024,5,4,port1201,Singapore,Singapore,SGP,34,43,104,1275632,480068
2024-05-05,2024,5,5,port1201,Singapore,Singapore,SGP,36,45,111,419044,730084
2024-05-06,2024,5,6,port1201,Singapore,Singapore,SGP,35,42,147,456654,689953
2024-05-07,2024,5,7,port1201,Singapore,Singapore,SGP,39,50,121,549753,619991
2024-05-08,2024,5,8,port1201,Singapore,Singapore,SGP,32,47,124,729063,509317
2024-05-09,2024,5,9,port1201,Singapore,Singapore,SGP,38,52,110,880556,653809
2024-05-10,2024,5,10,port1201,Singapore,Singapore,SGP,33,48,109,608969,698542
2024-05-11,2024,5,11,port1201,Singapore,Singapore,SGP,44,56,127,1161536,966525
2024-05-12,2024,5,12,port1201,Singapore,Singapore,SGP,30,43,125,1154957,513947
2024-05-13,2024,5,13,port1201,Singapore,Singapore,SGP,34,43,142,827307,538474
2024-05-14,2024,5,14,port1201,Singapore,Singapore,SGP,33,43,122,620886,713912
2024-05-15,2024,5,15,port1201,Singapore,Singapore,SGP,34,42,121,617236,524772
2024-05-16,2024,5,16,port1201,Singapore,Singapore,SGP,45,52,114,889389,1441469
2024-05-17,2024,5,17,port1201,Singapore,Singapore,SGP,33,45,117,734577,508507
2024-05-18,2024,5,18,port1201,Singapore,Singapore,SGP,33,40,121,544864,764444
2024-05-19,2024,5,19,port1201,Singapore,Singapore,SGP,39,48,125,766457,806286
2024-05-20,2024,5,20,port1201,Singapore,Singapore,SGP,33,44,122,384030,1093591
2024-05-21,2024,5,21,port1201,Singapore,Singapore,SGP,35,45,111,330606,594618
2024-05-22,2024,5,22,port1201,Singapore,Singapore,SGP,41,55,144,1508379,271478
2024-05-23,2024,5,23,port1201,Singapore,Singapore,SGP,33,45,118,539946,670271
2024-05-24,2024,5,24,port1201,Singapore,Singapore,SGP,36,46,122,747308,738180
2024-05-25,2024,5,25,port1201,Singapore,Singapore,SGP,42,51,134,398543,813770
2024-05-26,2024,5,26,port1201,Singapore,Singapore,SGP,35,45,103,210141,511439
2024-05-27,2024,5,27,port1201,Singapore,Singapore,SGP,35,47,132,672307,978420
2024-05-28,2024,5,28,port1201,Singapore,Singapore,SGP,44,52,129,1109455,830005
2024-05-29,2024,5,29,port1201,Singapore,Singapore,SGP,32,39,98,431577,717134
2024-05-30,2024,5,30,port1201,Singapore,Singapore,SGP,32,42,120,712485,650049
2024-05-31,2024,5,31,port1201,Singapore,Singapore,SGP,35,49,118,826660,911124
2024-06-01,2024,6,1,port1201,Singapore,Singapore,SGP,27,38,112,567110,432372
2024-06-02,2024,6,2,port1201,Singapore,Singapore,SGP,32,47,122,871923,247433
2024-06-03,2024,6,3,port1201,Singapore,Singapore,SGP,40,53,123,462923,866594
2024-06-04,2024,6,4,port1201,Singapore,Singapore,SGP,26,35,116,540917,345444
2024-06-05,2024,6,5,port1201,Singapore,Singapore,SGP,32,45,133,1279761,508867
2024-06-06,2024,6,6,port1201,Singapore,Singapore,SGP,28,38,107,462658,326953
2024-06-07,2024,6,7,port1201,Singapore,Singapore,SGP,32,44,111,523188,712020
2024-06-08,2024,6,8,port1201,Singapore,Singapore,SGP,39,54,118,457524,744389
2024-06-09,2024,6,9,port1201,Singapore,Singapore,SGP,32,47,110,384611,554678
2024-06-10,2024,6,10,port1201,Singapore,Singapore,SGP,31,52,144,562040,601210
2024-06-11,2024,6,11,port1201,Singapore,Singapore,SGP,38,47,115,538161,797774
2024-06-12,2024,6,12,port1201,Singapore,Singapore,SGP,24,32,107,690435,439274
2024-06-13,2024,6,13,port1201,Singapore,Singapore,SGP,35,46,123,534719,626124
2024-06-14,2024,6,14,port1201,Singapore,Singapore,SGP,33,49,117,676085,543260
2024-06-15,2024,6,15,port1201,Singapore,Singapore,SGP,31,41,110,434328,496754
2024-06-16,2024,6,16,port1201,Singapore,Singapore,SGP,35,43,113,827237,617081
2024-06-17,2024,6,17,port1201,Singapore,Singapore,SGP,40,52,133,638013,679046
2024-06-18,2024,6,18,port1201,Singapore,Singapore,SGP,41,55,126,1029535,910202
2024-06-19,2024,6,19,port1201,Singapore,Singapore,SGP,33,44,112,453779,603366
2024-06-20,2024,6,20,port1201,Singapore,Singapore,SGP,32,39,106,727001,511814
2024-06-21,2024,6,21,port1201,Singapore,Singapore,SGP,30,36,105,505832,820610
2024-06-22,2024,6,22,port1201,Singapore,Singapore,SGP,34,45,117,341028,605635
2024-06-23,2024,6,23,port1201,Singapore,Singapore,SGP,37,43,117,609195,874825
2024-06-24,2024,6,24,port1201,Singapore,Singapore,SGP,32,44,136,694259,714776
2024-06-25,2024,6,25,port1201,Singapore,Singapore,SGP,29,42,135,854769,468565
2024-06-26,2024,6,26,port1201,Singapore,Singapore,SGP,33,45,109,372929,769367
2024-06-27,2024,6,27,port1201,Singapore,Singapore,SGP,30,43,123,925128,593016
2024-06-28,2024,6,28,port1201,Singapore,Singapore,SGP,33,51,118,514154,832805
2024-06-29,2024,6,29,port1201,Singapore,Singapore,SGP,34,43,120,338812,648012
2024-06-30,2024,6,30,port1201,Singapore,Singapore,SGP,39,49,127,754885,892012
2024-07-01,2024,7,1,port1201,Singapore,Singapore,SGP,31,43,135,552023,792417
2024-07-02,2024,7,2,port1201,Singapore,Singapore,SGP,35,46,110,570898,334068
2024-07-03,2024,7,3,port1201,Singapore,Singapore,SGP,40,57,121,827615,896539
2024-07-04,2024,7,4,port1201,Singapore,Singapore,SGP,34,47,112,923666,534627
2024-07-05,2024,7,5,port1201,Singapore,Singapore,SGP,34,43,112,796760,762302
2024-07-06,2024,7,6,port1201,Singapore,Singapore,SGP,34,42,103,694184,432741
2024-07-07,2024,7,7,port1201,Singapore,Singapore,SGP,38,47,112,606733,711199
2024-07-08,2024,7,8,port1201,Singapore,Singapore,SGP,36,44,128,549642,449015
2024-07-09,2024,7,9,port1201,Singapore,Singapore,SGP,40,46,136,704020,622921
2024-07-10,2024,7,10,port1201,Singapore,Singapore,SGP,33,46,102,796966,651748
2024-07-11,2024,7,11,port1201,Singapore,Singapore,SGP,37,47,115,348781,1064884
2024-07-12,2024,7,12,port1201,Singapore,Singapore,SGP,38,47,122,802876,976346
2024-07-13,2024,7,13,port1201,Singapore,Singapore,SGP,31,41,109,518519,436464
2024-07-14,2024,7,14,port1201,Singapore,Singapore,SGP,35,48,122,836128,519559
2024-07-15,2024,7,15,port1201,Singapore,Singapore,SGP,37,50,132,987109,754232
2024-07-16,2024,7,16,port1201,Singapore,Singapore,SGP,36,49,119,727619,591312
2024-07-17,2024,7,17,port1201,Singapore,Singapore,SGP,36,42,111,869711,772428
2024-07-18,2024,7,18,port1201,Singapore,Singapore,SGP,41,50,117,891411,703444
2024-07-19,2024,7,19,port1201,Singapore,Singapore,SGP,41,54,115,456555,681379
2024-07-20,2024,7,20,port1201,Singapore,Singapore,SGP,30,40,105,366338,571125
2024-07-21,2024,7,21,port1201,Singapore,Singapore,SGP,30,39,96,554604,817751
2024-07-22,2024,7,22,port1201,Singapore,Singapore,SGP,40,50,125,1344971,472382
2024-07-23,2024,7,23,port1201,Singapore,Singapore,SGP,31,43,90,384784,536573
2024-07-24,2024,7,24,port1201,Singapore,Singapore,SGP,38,49,125,751019,919167
2024-07-25,2024,7,25,port1201,Singapore,Singapore,SGP,37,44,125,339979,1163750
2024-07-26,2024,7,26,port1201,Singapore,Singapore,SGP,33,51,121,433947,555924
2024-07-27,2024,7,27,port1201,Singapore,Singapore,SGP,36,48,114,717336,521221
2024-07-28,2024,7,28,port1201,Singapore,Singapore,SGP,35,44,93,440346,776636
2024-07-29,2024,7,29,port1201,Singapore,Singapore,SGP,41,50,130,690446,931119
2024-07-30,2024,7,30,port1201,Singapore,Singapore,SGP,36,47,111,776513,608738
2024-07-31,2024,7,31,port1201,Singapore,Singapore,SGP,24,38,96,883411,340958
2024-08-01,2024,8,1,port1201,Singapore,Singapore,SGP,38,46,114,616001,806830
2024-08-02,2024,8,2,port1201,Singapore,Singapore,SGP,39,53,131,549806,746874
2024-08-03,2024,8,3,port1201,Singapore,Singapore,SGP,34,41,111,630112,803725
2024-08-04,2024,8,4,port1201,Singapore,Singapore,SGP,39,53,112,902505,808628
2024-08-05,2024,8,5,port1201,Singapore,Singapore,SGP,36,53,147,736153,739951
2024-08-06,2024,8,6,port1201,Singapore,Singapore,SGP,43,54,121,754597,622493
2024-08-07,2024,8,7,port1201,Singapore,Singapore,SGP,39,52,131,858166,871122
2024-08-08,2024,8,8,port1201,Singapore,Singapore,SGP,32,42,128,255114,725103
2024-08-09,2024,8,9,port1201,Singapore,Singapore,SGP,34,41,105,387982,947070
2024-08-10,2024,8,10,port1201,Singapore,Singapore,SGP,37,50,108,675758,809239
2024-08-11,2024,8,11,port1201,Singapore,Singapore,SGP,36,40,119,446816,878471
2024-08-12,2024,8,12,port1201,Singapore,Singapore,SGP,41,49,151,608119,688132
2024-08-13,2024,8,13,port1201,Singapore,Singapore,SGP,43,59,125,1164709,813202
2024-08-14,2024,8,14,port1201,Singapore,Singapore,SGP,38,45,118,914481,806393
2024-08-15,2024,8,15,port1201,Singapore,Singapore,SGP,33,46,123,404824,630983
2024-08-16,2024,8,16,port1201,Singapore,Singapore,SGP,39,56,139,773113,673718
2024-08-17,2024,8,17,port1201,Singapore,Singapore,SGP,39,46,114,564522,680534
2024-08-18,2024,8,18,port1201,Singapore,Singapore,SGP,34,41,107,667212,977473
2024-08-19,2024,8,19,port1201,Singapore,Singapore,SGP,39,48,138,637631,902208
2024-08-20,2024,8,20,port1201,Singapore,Singapore,SGP,37,48,107,971134,562753
2024-08-21,2024,8,21,port1201,Singapore,Singapore,SGP,43,51,119,806361,878938
2024-08-22,2024,8,22,port1201,Singapore,Singapore,SGP,35,47,123,357478,581499
2024-08-23,2024,8,23,port1201,Singapore,Singapore,SGP,39,53,114,1011803,705640
2024-08-24,2024,8,24,port1201,Singapore,Singapore,SGP,35,45,105,447630,645553
2024-08-25,2024,8,25,port1201,Singapore,Singapore,SGP,37,46,115,788121,635903
2024-08-26,2024,8,26,port1201,Singapore,Singapore,SGP,35,45,126,648327,595512
2024-08-27,2024,8,27,port1201,Singapore,Singapore,SGP,39,51,117,626485,751705
2024-08-28,2024,8,28,port1201,Singapore,Singapore,SGP,46,62,126,673946,1030036
2024-08-29,2024,8,29,port1201,Singapore,Singapore,SGP,37,47,128,807255,864589
2024-08-30,2024,8,30,port1201,Singapore,Singapore,SGP,30,40,109,844858,413537
2024-08-31,2024,8,31,port1201,Singapore,Singapore,SGP,29,34,99,1129017,372556
2024-09-01,2024,9,1,port1201,Singapore,Singapore,SGP,41,53,121,662492,722945
2024-09-02,2024,9,2,port1201,Singapore,Singapore,SGP,34,50,152,515225,602409
2024-09-03,2024,9,3,port1201,Singapore,Singapore,SGP,41,53,126,621467,837620
2024-09-04,2024,9,4,port1201,Singapore,Singapore,SGP,39,49,120,445374,599063
2024-09-05,2024,9,5,port1201,Singapore,Singapore,SGP,38,48,131,656627,603898
2024-09-06,2024,9,6,port1201,Singapore,Singapore,SGP,38,50,112,912242,442084
2024-09-07,2024,9,7,port1201,Singapore,Singapore,SGP,30,39,103,329967,648913
2024-09-08,2024,9,8,port1201,Singapore,Singapore,SGP,34,40,106,919550,809580
2024-09-09,2024,9,9,port1201,Singapore,Singapore,SGP,33,49,130,487327,644384
2024-09-10,2024,9,10,port1201,Singapore,Singapore,SGP,36,46,109,379696,650809
2024-09-11,2024,9,11,port1201,Singapore,Singapore,SGP,42,55,117,642909,777136
2024-09-12,2024,9,12,port1201,Singapore,Singapore,SGP,38,48,110,1006154,657883
2024-09-13,2024,9,13,port1201,Singapore,Singapore,SGP,48,59,141,1143540,493939
2024-09-14,2024,9,14,port1201,Singapore,Singapore,SGP,32,42,120,228246,760196
2024-09-15,2024,9,15,port1201,Singapore,Singapore,SGP,35,42,92,441777,950877
2024-09-16,2024,9,16,port1201,Singapore,Singapore,SGP,44,58,147,879196,925598
2024-09-17,2024,9,17,port1201,Singapore,Singapore,SGP,40,48,110,649702,599323
2024-09-18,2024,9,18,port1201,Singapore,Singapore,SGP,38,55,117,567424,581847
2024-09-19,2024,9,19,port1201,Singapore,Singapore,SGP,37,48,107,1258433,620629
2024-09-20,2024,9,20,port1201,Singapore,Singapore,SGP,41,49,131,814090,692750
2024-09-21,2024,9,21,port1201,Singapore,Singapore,SGP,37,52,109,583069,640901
2024-09-22,2024,9,22,port1201,Singapore,Singapore,SGP,42,54,117,460497,891610
2024-09-23,2024,9,23,port1201,Singapore,Singapore,SGP,35,45,140,527868,678067
2024-09-24,2024,9,24,port1201,Singapore,Singapore,SGP,30,41,100,582740,510069
2024-09-25,2024,9,25,port1201,Singapore,Singapore,SGP,39,48,122,322096,884365
2024-09-26,2024,9,26,port1201,Singapore,Singapore,SGP,31,40,108,380964,631816
2024-09-27,2024,9,27,port1201,Singapore,Singapore,SGP,36,45,125,673977,339845
2024-09-28,2024,9,28,port1201,Singapore,Singapore,SGP,33,43,96,513278,567829
2024-09-29,2024,9,29,port1201,Singapore,Singapore,SGP,34,46,115,805278,486612
2024-09-30,2024,9,30,port1201,Singapore,Singapore,SGP,31,44,161,877390,513339
2024-10-01,2024,10,1,port1201,Singapore,Singapore,SGP,40,49,110,457363,557284
2024-10-02,2024,10,2,port1201,Singapore,Singapore,SGP,44,56,141,625595,705238
2024-10-03,2024,10,3,port1201,Singapore,Singapore,SGP,34,43,107,777496,695528
2024-10-04,2024,10,4,port1201,Singapore,Singapore,SGP,39,53,125,475727,891004
2024-10-05,2024,10,5,port1201,Singapore,Singapore,SGP,31,40,122,509899,413507
2024-10-06,2024,10,6,port1201,Singapore,Singapore,SGP,39,48,108,685175,884280
2024-10-07,2024,10,7,port1201,Singapore,Singapore,SGP,40,55,143,734849,836332
2024-10-08,2024,10,8,port1201,Singapore,Singapore,SGP,41,53,122,530820,638514
2024-10-09,2024,10,9,port1201,Singapore,Singapore,SGP,37,48,118,304975,912828
2024-10-10,2024,10,10,port1201,Singapore,Singapore,SGP,43,53,122,869650,608720
2024-10-11,2024,10,11,port1201,Singapore,Singapore,SGP,39,52,126,271799,858435
2024-10-12,2024,10,12,port1201,Singapore,Singapore,SGP,44,54,98,736344,666225
2024-10-13,2024,10,13,port1201,Singapore,Singapore,SGP,41,51,115,897695,921963
2024-10-14,2024,10,14,port1201,Singapore,Singapore,SGP,37,56,148,290968,592663
2024-10-15,2024,10,15,port1201,Singapore,Singapore,SGP,37,45,117,673292,515497
2024-10-16,2024,10,16,port1201,Singapore,Singapore,SGP,40,49,121,1148631,702044
2024-10-17,2024,10,17,port1201,Singapore,Singapore,SGP,40,51,133,1046263,499511
2024-10-18,2024,10,18,port1201,Singapore,Singapore,SGP,43,51,127,634772,646817
2024-10-19,2024,10,19,port1201,Singapore,Singapore,SGP,32,46,106,743573,543214
2024-10-20,2024,10,20,port1201,Singapore,Singapore,SGP,40,53,122,823146,686823
2024-10-21,2024,10,21,port1201,Singapore,Singapore,SGP,43,60,142,897870,1093325
2024-10-22,2024,10,22,port1201,Singapore,Singapore,SGP,40,46,103,651066,1123122
2024-10-23,2024,10,23,port1201,Singapore,Singapore,SGP,44,52,113,894916,947542
2024-10-24,2024,10,24,port1201,Singapore,Singapore,SGP,41,55,130,532676,998802
2024-10-25,2024,10,25,port1201,Singapore,Singapore,SGP,36,43,116,1013940,368453
2024-10-26,2024,10,26,port1201,Singapore,Singapore,SGP,37,49,115,548818,723757
2024-10-27,2024,10,27,port1201,Singapore,Singapore,SGP,43,52,115,617309,642769
2024-10-28,2024,10,28,port1201,Singapore,Singapore,SGP,34,47,130,711555,430659
2024-10-29,2024,10,29,port1201,Singapore,Singapore,SGP,31,41,111,462810,701225
2024-10-30,2024,10,30,port1201,Singapore,Singapore,SGP,40,46,123,753050,548335
2024-10-31,2024,10,31,port1201,Singapore,Singapore,SGP,41,55,127,708122,588587
2024-11-01,2024,11,1,port1201,Singapore,Singapore,SGP,39,57,140,1069920,852816
2024-11-02,2024,11,2,port1201,Singapore,Singapore,SGP,43,50,123,484658,719111
2024-11-03,2024,11,3,port1201,Singapore,Singapore,SGP,40,56,110,499141,534353
2024-11-04,2024,11,4,port1201,Singapore,Singapore,SGP,36,45,134,598387,500944
2024-11-05,2024,11,5,port1201,Singapore,Singapore,SGP,29,45,121,465344,527316
2024-11-06,2024,11,6,port1201,Singapore,Singapore,SGP,46,55,138,603738,993854
2024-11-07,2024,11,7,port1201,Singapore,Singapore,SGP,31,43,118,543254,652458
2024-11-08,2024,11,8,port1201,Singapore,Singapore,SGP,38,47,110,629819,480477
2024-11-09,2024,11,9,port1201,Singapore,Singapore,SGP,40,43,120,722298,625396
2024-11-10,2024,11,10,port1201,Singapore,Singapore,SGP,42,50,138,736583,599585
2024-11-11,2024,11,11,port1201,Singapore,Singapore,SGP,36,52,147,1064582,404821
2024-11-12,2024,11,12,port1201,Singapore,Singapore,SGP,33,44,117,515506,612947
2024-11-13,2024,11,13,port1201,Singapore,Singapore,SGP,35,46,116,627390,597914
2024-11-14,2024,11,14,port1201,Singapore,Singapore,SGP,40,51,132,528271,729502
2024-11-15,2024,11,15,port1201,Singapore,Singapore,SGP,41,51,123,271640,1053137
2024-11-16,2024,11,16,port1201,Singapore,Singapore,SGP,34,48,112,328998,723396
2024-11-17,2024,11,17,port1201,Singapore,Singapore,SGP,36,47,117,1053394,839358
2024-11-18,2024,11,18,port1201,Singapore,Singapore,SGP,38,53,147,578066,673752
2024-11-19,2024,11,19,port1201,Singapore,Singapore,SGP,45,58,145,907752,626781
2024-11-20,2024,11,20,port1201,Singapore,Singapore,SGP,47,57,122,835900,639658
2024-11-21,2024,11,21,port1201,Singapore,Singapore,SGP,38,46,114,516463,662388
2024-11-22,2024,11,22,port1201,Singapore,Singapore,SGP,32,40,101,509126,382914
2024-11-23,2024,11,23,port1201,Singapore,Singapore,SGP,39,47,124,602517,654405
2024-11-24,2024,11,24,port1201,Singapore,Singapore,SGP,37,49,118,535448,878909
2024-11-25,2024,11,25,port1201,Singapore,Singapore,SGP,32,44,129,902451,411077
2024-11-26,2024,11,26,port1201,Singapore,Singapore,SGP,44,54,114,574322,806490
2024-11-27,2024,11,27,port1201,Singapore,Singapore,SGP,41,53,119,621253,504769
2024-11-28,2024,11,28,port1201,Singapore,Singapore,SGP,40,52,120,697223,679673
2024-11-29,2024,11,29,port1201,Singapore,Singapore,SGP,42,51,133,361616,866408
2024-11-30,2024,11,30,port1201,Singapore,Singapore,SGP,40,56,118,839183,570981
2024-12-01,2024,12,1,port1201,Singapore,Singapore,SGP,34,39,111,666330,509392
2024-12-02,2024,12,2,port1201,Singapore,Singapore,SGP,37,52,151,501849,632929
2024-12-03,2024,12,3,port1201,Singapore,Singapore,SGP,42,52,111,751460,764417
2024-12-04,2024,12,4,port1201,Singapore,Singapore,SGP,36,45,122,436444,573835
2024-12-05,2024,12,5,port1201,Singapore,Singapore,SGP,41,49,117,703440,832559
2024-12-06,2024,12,6,port1201,Singapore,Singapore,SGP,36,43,111,635716,497022
2024-12-07,2024,12,7,port1201,Singapore,Singapore,SGP,41,52,130,726944,814426
2024-12-08,2024,12,8,port1201,Singapore,Singapore,SGP,38,47,107,771217,740830
2024-12-09,2024,12,9,port1201,Singapore,Singapore,SGP,27,39,122,851040,445005
2024-12-10,2024,12,10,port1201,Singapore,Singapore,SGP,41,54,130,988971,568683
2024-12-11,2024,12,11,port1201,Singapore,Singapore,SGP,34,43,131,309217,866851
2024-12-12,2024,12,12,port1201,Singapore,Singapore,SGP,39,51,129,894922,723545
2024-12-13,2024,12,13,port1201,Singapore,Singapore,SGP,39,51,129,588526,788947
2024-12-14,2024,12,14,port1201,Singapore,Singapore,SGP,44,56,127,1056713,587107
2024-12-15,2024,12,15,port1201,Singapore,Singapore,SGP,42,51,121,503587,836309
2024-12-16,2024,12,16,port1201,Singapore,Singapore,SGP,39,51,137,896570,744505
2024-12-17,2024,12,17,port1201,Singapore,Singapore,SGP,35,43,126,499504,579838
2024-12-18,2024,12,18,port1201,Singapore,Singapore,SGP,42,54,115,320005,855753
2024-12-19,2024,12,19,port1201,Singapore,Singapore,SGP,43,55,128,621603,669173
2024-12-20,2024,12,20,port1201,Singapore,Singapore,SGP,39,49,123,517973,769573
2024-12-21,2024,12,21,port1201,Singapore,Singapore,SGP,31,40,106,427780,601764
2024-12-22,2024,12,22,port1201,Singapore,Singapore,SGP,40,46,111,1326026,431854
2024-12-23,2024,12,23,port1201,Singapore,Singapore,SGP,38,45,132,499639,508842
2024-12-24,2024,12,24,port1201,Singapore,Singapore,SGP,41,51,136,784754,708375
2024-12-25,2024,12,25,port1201,Singapore,Singapore,SGP,41,53,128,1001787,624188
2024-12-26,2024,12,26,port1201,Singapore,Singapore,SGP,37,46,113,440915,739696
2024-12-27,2024,12,27,port1201,Singapore,Singapore,SGP,36,50,130,1233785,655182
2024-12-28,2024,12,28,port1201,Singapore,Singapore,SGP,41,54,121,288149,718669
2024-12-29,2024,12,29,port1201,Singapore,Singapore,SGP,40,50,118,679273,996943
2024-12-30,2024,12,30,port1201,Singapore,Singapore,SGP,42,54,145,725531,946705
2024-12-31,2024,12,31,port1201,Singapore,Singapore,SGP,35,43,108,790193,686309
